Inde #,Group,Company Name,Chemistry_Detail,Chemistry,Format,Part #,Cell Status,Cell Shape,Cycle Life,Last Cycle % OF Initial Capacity,vol. Energy Density (Wh/l),grav. Energy Density (Wh/kg),Ma Capacity (AH),Open Circuit Voltage (V),Nominal Voltage (V),Cut Off Voltage (V),Standard Discharge Current (A),Ma Constant Discharge Current (A),Crate_discharge_cyclelife,Weight (gr),Volume (CC),Fast/Quick Charge Current,Standard Charge Current (A),Crate_charge_cyclelife,t_rest_h,Length (mm),Height (mm),Width (mm),Diameter (mm),Jahr,Datenblatt,Sekundärquelle,ID / Date,Anmerkung,Charging Methode,Crate_CV_cutoff,t_cycle_DOD
ISI001,ISI001,Kokam,Nickel rich,NMC,Pouch,SLPB080085270,Active,Prismatic,3000,70,573,249,26,4.2,3.67,2.7,2.6,52,1,387,,26,2.6,1,,275,7.9,99,,2020,,,KKDS20200406BMCEL03 ,TUM,CCCV,,90%
ISI002,ISI002,Kokam,Nickel rich,NMC,Pouch,SLPB98188216P,Active,Prismatic,6000,70,338,146,30,4.2,3.7,2.7,6,600,1,780,,90,6,1,,223,9.4,199,,2020,,,,,CCCV,,90%
ISI010,ISI010,Kokam,Nickel rich,NMC,Pouch,SLPB120460330,Active,Prismatic,6000,80,425,186,150,4.2,3.7,2.7,30,300,1,3020,,150,30,1,,327,10.5,462,,2020,,,KKDS20200514BMCEL24 ,SDL_25604,CCCV,,90%
ISI011,ISI011,Kokam,Nickel rich,NMC,Pouch,SLPB140460330,Active,Prismatic,6000,70,437,189,200,4.2,3.7,2.7,40,400,1,3955,,200,40,1,,327,13.6,462,,2020,,,,,CCCV,,90%
ISI012,ISI012,Kokam,Nickel rich,NMC,Pouch,SLPB160460330,Active,Prismatic,6000,70,455,198,240,4.2,3.7,2.7,48,480,1,4510,,240,48,1,,327,15.8,462,,2020,,,KKDS20200514BMCEL26 ,SDL_21687,CCCV,,90%
ISI013,ISI013,Kokam,Nickel rich,NMC,Pouch,SLPB100216216H,Active,Prismatic,6000,70,370,159,40,4.2,3.7,2.7,8,320,1,940,,120,8,1,,227,10.3,226,,2020,,,,TUM,CCCV,,90%
ISI014,ISI014,Kokam,Nickel rich,NMC,Pouch,SLPB120216216HR2,Active,Prismatic,10000,70,348,150,46,4.2,3.7,2.7,9.2,368,1,1145,,138,9.2,1,,227,12.2,226,,2020,,,KKDS20200310BMCEL01 ,TUM,CCCV,,90%
ISI015,ISI015,Kokam,Nickel rich,NMC,Pouch,SLPB120216216G1H,Active,Prismatic,6000,70,429,180,57,4.2,3.68,2.7,11.4,456,1,1175,,171,11.4,1,,227,12.2,226,,2020,,,KKDS20200916BMCEL31 ,TUM,CCCV,,90%
ISI016,ISI016,Kokam,Nickel rich,NMC,Pouch,SLPB125255255H,Active,Prismatic,6000,70,,168,75,4.2,3.7,2.7,15,600,1,1665,,225,15,1,,265,13,268,,2020,,,,,CCCV,,90%
ISI017,ISI017,Kokam,Nickel rich,NMC,Pouch,SLPB125255255G1H,Active,Prismatic,6000,70,,181,85,4.2,3.7,2.7,17,680,1,1735,,255,17,1,,265,12.6,268,,2020,,,,,CCCV,,90%
ISI018,ISI018,CALB,Lithium Iron Phosphate,LFP,Prismatic,CA40,Active,Prismatic,2000,80,,,40,3.65,3.2,2.5,12,80,0.3,1500,,40,12,0.3,,116,46,118,,,,,,,CCCV,,80%
ISI019,ISI019,CALB,Lithium Iron Phosphate,LFP,Prismatic,CA60,Active,Prismatic,2000,80,,,60,3.65,3.2,2.5,18,120,0.3,2000,,60,18,0.3,,115,41,240,,,,,,,CCCV,,80%
ISI020,ISI020,CALB,Lithium Iron Phosphate,LFP,Prismatic,CA100,Active,Prismatic,2000,80,,,100,3.65,3.2,2.5,30,200,0.3,3400,,100,30,0.3,,142,67,213,,,,,,,CCCV,,80%
ISI021,ISI021,CALB,Lithium Iron Phosphate,LFP,Prismatic,SE180AHA,Active,Prismatic,2000,80,,,180,3.65,3.2,2.5,54,180,1,5600,,180,54,0.3,0.97,180,71,279,,2016,,,15.08.2016,,CCCV,,
ISI022,ISI022,CATL,Lithium Iron Phosphate,LFP,Prismatic,LEP71H3L701,Active,Prismatic,4000,80,,,302,3.65,3.2,2.5,151,302,0.5,5510,,302,151,0.5,,207,71,173,,2018,,,Document: CTPS71H3L701 ,,CCCV,,
ISI023,ISI023,CATL,Lithium Iron Phosphate,LFP,Prismatic,LEP54H4K1,Active,Prismatic,3500,80,,,202,3.65,3.2,2.5,101,202,0.5,3840,,202,101,0.5,,201,57,174,,,,,,,CCCV,,
ISI024,ISI024,COSLIGHT,Lithium Iron Phosphate,LFP,Prismatic,FP45173209A,Active,Prismatic,3000,80,,,150,3.65,3.2,2.5,75,450,0.5,3840,,150,75,0.5,,201,45.5,174,,,,,,,CCCV,,100%
ISI025,ISI025,ECO POWER GROUP,Lithium Iron Phosphate,LFP,Prismatic,ECAU228NAH3L4,Active,Prismatic,2000,80,,,228,3.65,3.2,2.5,76,456,1,4200,,228,76,1,,207,54,174,,2019,,,,,CCCV,,80%
ISI026a,ISI026,EVE Energy,Lithium Iron Phosphate,LFP,Prismatic,LF280N72174,Active,Prismatic,1800,80,,,280,3.65,3.2,2.5,140,280,1,5300,,280,140,1,0.5,205,72,174,,2019,,,22.12.2019,@45°C,CCCV,0.05,100%
ISI026b,ISI026,EVE Energy,Lithium Iron Phosphate,LFP,Prismatic,LF280N72174,Active,Prismatic,3500,80,,,280,3.65,3.2,2.5,140,280,1,5300,,280,140,1,0.5,205,72,174,,2019,,,22.12.2019,@25°C,CCCV,0.05,100%
ISI027a,ISI027,EVE Energy,Lithium Iron Phosphate,LFP,Prismatic,LF30472174,Active,Prismatic,3500,80,,,304,3.65,3.2,2.5,152,304,1,5490,,304,152,1,0.5,209,72,174,,2020,,,07.05.2020,@25°C,CCCV,0.05,100%
ISI027b,ISI027,EVE Energy,Lithium Iron Phosphate,LFP,Prismatic,LF30472174,Active,Prismatic,1800,80,,,304,3.65,3.2,2.5,152,304,1,5490,,304,152,1,0.5,209,72,174,,2020,,,07.05.2020,@45°C,CCCV,0.05,100%
ISI028,ISI028,Jiangsu FREY,Lithium Iron Phosphate,LFP,Prismatic,FREY36130290100PF,Active,Prismatic,2500,80,,,100,3.65,3.2,2.5,50,200,0.5,3000,,100,50,0.5,0.5,290,36,130,,,,,,,CCCV,0.05,100%
ISI029,ISI029,GBS ZhEJIANG Systems,Lithium Iron Phosphate,LFP,Prismatic,GBSLFP200AhB,Active,Prismatic,3000,80,,,200,3.65,3.2,2.5,100,600,0.5,6700,,200,100,0.5,,290,66,238,,,,,(V3.0),,CCCV,,80%
ISI03,ISI03,Kokam,Nickel rich,NMC,Pouch,SLPB130255255P,Active,Prismatic,6000,70,363,154,75,4.2,3.7,2.7,15,600,1,1830,,300,15,1,,265,13.7,268,,2020,,,,,CCCV,,90%
ISI030,ISI030,GFB,Lithium Iron Phosphate,LFP,Prismatic,48173125100Ah,Active,Prismatic,3000,80,,,100,3.65,3.2,2.5,50,100,1,2300,,100,50,1,,209,72,174,,2019,,,25.03.2019,,CCCV,,
ISI031,ISI031,JIANGSU HIGEE,Lithium Iron Phosphate,LFP,Prismatic,HJLFP48173170E152Ah,Active,Prismatic,3000,80,,,152,3.65,3.2,2.5,76,152,0.5,2940,,152,76,0.5,,170,49,174,,2018,,,08.08.2018,,CCCV,,80%
ISI032a,ISI032,JIANGSU HIGEE,Lithium Iron Phosphate,LFP,Prismatic,HJLFP48173170E120Ah,Active,Prismatic,4000,80,,,120,3.65,3.2,2.5,120,240,1,2860,,120,60,0.5,,165,48,174,,2019,,,06.07.2019,Fresh cell. standard charge/discharge procedure,CCCV,,80%
ISI032b,ISI032,JIANGSU HIGEE,Lithium Iron Phosphate,LFP,Prismatic,HJLFP48173170E120Ah,Active,Prismatic,5000,80,,,120,3.65,3.2,2.5,120,240,1,2860,,120,60,1,,165,48,174,,2019,,,06.07.2019,Fresh cell. standard charge/discharge procedure at 1C,CCCV,,80%
ISI032c,ISI032,JIANGSU HIGEE,Lithium Iron Phosphate,LFP,Prismatic,HJLFP48173170E120Ah,Active,Prismatic,5500,80,,,120,3.65,3.2,2.5,120,240,0.5,2860,,120,60,0.5,,165,48,174,,2019,,,06.07.2019,Fresh cell. charge/discharge procedure at 0.5C,CCCV,,80%
ISI033a,ISI033,EVE Energy,Lithium Iron Phosphate,LFP,Prismatic,LF28072174,Active,Prismatic,3500,70,,,280,3.65,3.2,2.5,140,280,1,5220,,280,140,1,0.5,205,72,174,,2019,,,30.04.2019,@25°C,CCCV,0.05,80%
ISI033b,ISI033,EVE Energy,Lithium Iron Phosphate,LFP,Prismatic,LF28072174,Active,Prismatic,1800,70,,,280,3.65,3.2,2.5,140,280,1,5220,,280,140,1,0.5,205,72,174,,2019,,,30.04.2019,@45°C,CCCV,0.05,80%
ISI034a,ISI034,EVE Energy,Lithium Iron Phosphate,LFP,Prismatic,LF280K72174,Active,Prismatic,6000,70,,,280,3.65,3.2,2.5,140,280,0.5,5420,,280,140,0.5,0.5,205,72,174,,2021,,,23.03.2021,@25°C,CCCV,0.05,80%
ISI034b,ISI034,EVE Energy,Lithium Iron Phosphate,LFP,Prismatic,LF280K72174,Active,Prismatic,2500,70,,,280,3.65,3.2,2.5,140,280,0.5,5420,,280,140,0.5,0.5,205,72,174,,2021,,,23.03.2021,@45°C,CCCV,0.05,80%
ISI035,ISI035,Lishen,Lithium Iron Phosphate,LFP,Prismatic,LP44147272130Ah,Active,Prismatic,2000,80,,,130,3.65,3.2,2.5,39,234,0.333333333,3425,,117,39,0.333333333,1,260,44,148,,2017,,,17.02.2017,,CCCV,0.05,80%
ISI036,ISI036,Lishen,Lithium Iron Phosphate,LFP,Prismatic,LP37173207150Ah,Active,Prismatic,3000,80,,,150,3.65,3.2,2.5,75,150,1,2900,,150,75,1,1,208,37,174,,2019,,,19.09.2019,,CCCV,0.05,80%
ISI037,ISI037,Lishen,Lithium Iron Phosphate,LFP,Prismatic,LP54173210202Ah,Active,Prismatic,3000,80,,,202,3.65,3.2,2.5,101,202,1,3900,,202,101,1,1,210,54,174,,2018,,,23.01.2018,,CCCV,0.05,80%
ISI038,ISI038,Lishen,Lithium Iron Phosphate,LFP,Prismatic,LP71173207272Ah,Active,Prismatic,2000,80,,,272,3.65,3.2,2.5,136,272,1,5302,,272,136,1,1,208,72,174,,2019,,,15.06.2019,,CCCV,0.05,80%
ISI039,ISI039,CRJ Technology Limited,Lithium Iron Phosphate,LFP,Prismatic,RJLFP71173200271,Active,Prismatic,6000,80,,,271,3.65,3.2,2.5,54.2,542,1,5400,,271,54.2,1,,200,72,174,,,,,,,CCCV,,100%
ISI04,ISI04,Kokam,Nickel rich,NMC,Pouch,SLPB120216216,Active,Prismatic,6000,70,418,182,53,4.2,3.7,2.7,10.6,265,1,1095,,106,10.6,1,,227,12,226,,2020,,,KKDS20200514BMCEL19 ,,CCCV,,90%
ISI040,ISI040,Sinopoly,Lithium Iron Phosphate,LFP,Prismatic,Sinopoly 100 Ah,Active,Prismatic,2000,80,,,100,3.65,3.2,2.5,33,300,,3150,,200,33,,,221,61,142,,,,,,,CCCV,,
ISI041,ISI041,Sinopoly,Lithium Iron Phosphate,LFP,Prismatic,Sinopoly 400 Ah,Active,Prismatic,1500,80,,,400,3.65,3.2,2.5,132,400,,12800,,400,132,,,450,71,285,,,,,,,CCCV,,
ISI042,ISI042,A123,Nickel rich,NMC,Pouch,A123 39AH,Active,Prismatic,,,,,39,4.2,3.65,2.7,19.5,117,,820,,78,19.5,,,268,7,228,,,,,,,CCCV,,
ISI043,ISI043,A123,Lithium Iron Phosphate,LFP,Pouch,A123 50AH,Active,Prismatic,2000,80,,,50,3.65,3.3,2.5,25,50,,1167,,50,25,,,268,10.8,228,,,,,2021,,CCCV,,
ISI044,ISI044,A123,Nickel rich,NMC,Pouch,A123 26AH,Active,Prismatic,,,355,180,26,4.2,3.65,2.7,5.2,26,,550,,26,5.2,,,227,7.5,161,,2016,,,2016,,CCCV,,
ISI045,ISI045,A123,Nickel rich,NMC,Pouch,A123 32AH,Active,Prismatic,2500,80,,,32,4.2,3.65,2.7,32,192,,561,,64,32,,,227,7.5,161,,,,,2018,,CCCV,,
ISI046,ISI046,A123,Lithium Iron Phosphate,LFP,Pouch,AMP20M1HDA,Active,Prismatic,3000,90,247,131,19.6,3.65,3.3,2.5,3.92,360,2,496,,300,3.92,1,,227,7.5,161,,,,,MD10010502. 2011,@23°C,CCCV,,100%
ISI047,ISI047,AutoEnergy,Lithium Iron Phosphate,LFP,Cylindrical,50Ah 55380,Active,Cyl,,,,,50,3.65,3.2,2.5,10,,,1550,,,10,,,,380,,55,,,,2021,,CCCV,0.05,
ISI048,ISI048,BAK,Nickel rich,NMC811,Cylindrical,N21700CB48,Active,Cyl,1000,80,,,4.8,4.2,3.6,2.5,0.96,14.4,1,70,,4.8,0.96,0.5,,,70,,21,,,,P/PR03/PBDN21700CB48LS ,,CCCV,,
ISI049,ISI049,BAK,Nickel rich,NMC,Cylindrical,26650HC2,Active,Cyl,1000,80,,,5,4.2,3.6,2.5,2.5,10,,95,,5,2.5,,,,65,,26,,,,2021,,CCCV,,
ISI05,ISI05,Kokam,Nickel rich,NMC,Pouch,SLPB120216216,Active,Prismatic,4000,80,319,169,53,4.2,3.7,2.7,10.6,265,1,1160,,106,10.6,1,,227,12,226,,2016,,,,,CCCV,,80%
ISI050,ISI050,CATL,Lithium Iron Phosphate,LFP,Prismatic,100Ah CATL LiFePO4,Active,Prismatic,,,,,100,3.65,3.2,2.5,50,100,,2270,,100,50,,,200,33,172,,,,,,,CCCV,,
ISI051,ISI051,CATL,Lithium Iron Phosphate,LFP,Prismatic,120Ah CATL LiFePO4,Active,Prismatic,,,,,120,3.65,3.2,2.5,24,240,,2840,,120,60,,,174,48,172,,,,,,,CCCV,,
ISI052,ISI052,CATL,Lithium Iron Phosphate,LFP,Prismatic,280Ah CATL LiFePO4,Active,Prismatic,12000,80,,,280,3.65,3.2,2.5,56,560,,5340,,280,140,,,208,72,174,,,,,,,CCCV,,
ISI053,ISI053,CATL,Nickel rich,NMC 811,Prismatic,50Ah CATL 811,Active,Prismatic,3000,80,,,50,4.2,3.65,3,10,100,,850,,50,25,,,148,27,98,,,,,,,CCCV,,
ISI054,ISI054,ENERDEL,Nickel rich,NMC,Pouch,CE175360 Moie+,Active,Prismatic,4000,70,,,17.5,4.1,3.6,2.5,3.5,17.5,0.5,430,,17.5,3.5,0.5,,253,5.8,172,,2017,,,File No.: 071000404,@30°C,CCCV,,100%
ISI055,ISI055,ENERDEL,Nickel rich,NMC,Pouch,CE250370 Moie+,Active,Prismatic,3000,80,,,17.5,4.2,3.7,2.7,3.5,52.5,2,850,,35,3.5,2,,253,5.7,172,,2018,,,File No.: 072000100,,CCCV,,90%
ISI056,ISI056,ENERDEL,Nickel rich,NMC,Pouch,CP160365 Moie+,Active,Prismatic,4000,70,,,16,4.1,3.65,2.5,8,16,0.5,430,,16,8,0.5,,253,5.9,172,,2017,,,File No.: 071000505,,CCCV,,100%
ISI057,ISI057,ENERTECH,Nickel rich,NMC. NCA. NMC/NCA,Pouch,SPB 58253172EG1 / 17Ah,Active,Prismatic,4000,80,,,17.5,4.1,3.65,2.5,5.833333333,52.5,1,430,,35,5.833333333,1,,253,5.8,172,,,(),,,,CCCV,,80%
ISI058,ISI058,ENERTECH,Nickel rich,NMC. NCA. NMC/NCA,Pouch,SPB 58253172P3 / 23Ah,Active,Prismatic,2500,80,,,23,4.2,3.7,2.7,11.5,115,1,470,,69,11.5,1,,253,5.8,172,,,(),,,,CCCV,,100
ISI059,ISI059,ENERTECH,Nickel rich,NMC. NCA. NMC/NCA,Pouch,SPB 58253172V2 / 22Ah,Active,Prismatic,4000,80,,,22,4.2,3.75,2.7,11,110,1,480,,66,11,1,,253,5.8,172,,,(),,,,CCCV,,80%
ISI06,ISI06,Kokam,Nickel rich,NMC,Pouch,SLPB120216216G1,Active,Prismatic,6000,70,463,195,60,4.2,3.68,2.7,12,180,1,1140,,120,12,1,,227,12,226,,2020,,,KKDS20200429BMCEL09 ,TUM,CCCV,,90%
ISI060,ISI060,ENERTECH,Nickel rich,NMC. NCA. NMC/NCA,Pouch,SPB 58253172V3 / 25Ah,Active,Prismatic,4000,80,,,25,4.2,3.7,2.7,8.3,75,1,480,,50,8.3,1,,253,5.8,172,,,(),,,,CCCV,,80%
ISI061,ISI061,ENERTECH,Nickel rich,NMC 811,Pouch,58253172V4 / 30Ah,Active,Prismatic,4000,80,440,214,25,4.2,3.7,2.7,10,60,1,520,,30,10,1,,253,5.8,172,,,(),,,,CCCV,,80%
ISI062,ISI062,ENERTECH,Nickel rich,NMC. NCA. NMC/NCA,Pouch,SPB 59235172PG1,Active,Prismatic,4000,90,,,16,4.1,3.65,2.5,5.333333333,80,1,430,,80,5.333333333,1,,253,5.8,172,,,(),,,,CCCV,,80%
ISI063,ISI063,ENERTECH,Nickel rich,NMC. NCA. NMC/NCA,Pouch,SPB 70115145 / 12 Ah,Active,Prismatic,4000,90,,,12,4.1,3.65,2.5,6,24,1,240,,12,6,1,,253,5.8,172,,,(),,,,CCCV,,80%
ISI064,ISI064,ENERTECH,Nickel rich,NMC. NCA. NMC/NCA,Pouch,SPB 90190260V2 / 40Ah,Active,Prismatic,2000,80,,,40,4.2,3.7,3,20,160,1,990,,40,20,1,,260,9,190,,,(),,,,CCCV,0.05,
ISI065,ISI065,ENERTECH,Nickel rich,NMC. NCA. NMC/NCA,Pouch,SPB704684,Active,Prismatic,,,451,204,3.3,4.2,3.7,3,1.65,6.6,1,60,,3.3,1.65,1,,84,7,46,,2012,(),,18.07.2012,,CCCV,,
ISI066,ISI066,GeneralElectronics,,,Pouch,GEB 126090,Active,Prismatic,300,80,,,8.8,4.2,3.7,2.75,1.76,8.8,0.2,155,,8.8,1.76,0.2,1,90,12,60,,,,,,,CCCV,,
ISI067,ISI067,GeneralElectronics,,,Pouch,GEB 855085,Active,Prismatic,500,80,,,4.1,4.2,3.7,2.75,0.82,4.1,0.2,70,,4.1,0.82,0.2,1,85,8.5,50,,,,,,,CCCV,0.02,
ISI068,ISI068,GeneralElectronics,,,Pouch,GEB 9059156,Active,Prismatic,500,80,,,10,4.2,3.7,2.75,2,10,0.2,200,,10,2,0.2,1,156,9,60,,,,,,,CCCV,0.05,
ISI069,ISI069,GeneralElectronics,,,Cylindrical,GEB 21700,Active,Cyl,1000,80,,,4,4.2,3.7,2.75,0.8,12,0.2,69,,2,0.8,0.2,0.5,,70.5,,21.8,2018,,,04.07.2018,,CCCV,0.02,
ISI07,ISI07,Kokam,Nickel rich,NMC,Pouch,SLPB120216216G2,Active,Prismatic,3000,70,525,225,70,4.2,3.67,2.7,14,140,1,1150,,70,14,1,,227,12.3,226,,2020,,,KKDS20200514BMCEL21 ,,CCCV,,90%
ISI070,ISI070,GeneralElectronics,,,Cylindrical,GEB 26650,Active,Cyl,1000,80,,,5,4.2,3.7,2.75,1,5,0.2,80,,2.5,1,0.2,0.5,,65,,26,2018,,,30.07.2018,Cycle life > 600,CCCV,0.01,
ISI071,ISI071,GeneralElectronics,,,Cylindrical,GEB 32650,Active,Cyl,1000,80,,,6,4.2,3.7,2.75,3,6,0.2,140,,3,1.2,0.2,0.5,,65,,32,2018,,,06.03.2019,Cycle life > 600,CCCV,0.01,
ISI072,ISI072,Great Power,,,Cylindrical,GP 21700,Active,Cyl,1000,80,,,4.7,4.2,3.7,2.75,0.94,7.05,0.2,140,,2.4,0.96,0.2,,,70.5,,21.8,2018,,,27.03.2018,Cycle life >> 500,CCCV,,
ISI073,ISI073,Hitachi,,,Pouch,L0578G1A1,Active,Prismatic,1000,80,,,5,4.2,3.7,2.75,1,15,2,137,,7.5,1,2,,161,6.5,78,,,,,22.013,,CCCV,0.1,
ISI074,ISI074,Hitachi,,,Pouch,L13A0N2C1,Active,Prismatic,1000,80,,,13,4.2,3.7,2.75,2.6,39,2,270,,13,2.6,2,,222,6.7,100,,,,,22.013,,CCCV,0.1,
ISI075,ISI075,Hitachi,,,Pouch,L15A0N2C1,Active,Prismatic,1000,80,,,15,4.2,3.7,2.75,3,45,2,307,,15,3,2,,222,7.5,100,,,,,22.013,,CCCV,0.1,
ISI076,ISI076,KeepPower,,,Cylindrical,KP 21700,Active,Cyl,500,80,,,4,4.2,3.7,2.75,0.8,4,0.2,69,,2,0.96,0.2,,,70.5,,21.8,,,,,,CCCV,,
ISI077a,ISI077,LECLANCHÉ,Lithium Titanate,LTO,Pouch,LT 34 Ah (936901),Active,Prismatic,20000,80,,,34,2.8,2.2,1.5,34,204,4,1080,475,204,34,4,,286,12,178.5,,,,,LT34 EN D20212_1,@80% DoD,CCCV,,80%
ISI077b,ISI077,LECLANCHÉ,Lithium Titanate,LTO,Pouch,LT 34 Ah (936901),Active,Prismatic,15000,80,,,34,2.8,2.2,1.5,34,204,4,1080,475,204,34,4,,286,12,178.5,,,,,LT34 EN D20212_1,@100% DoD,CCCV,,100%
ISI078a,ISI078,LECLANCHÉ,Nickel rich,NMC,Pouch,GL60 (936A04),Active,Prismatic,8000,80,,,60,4.2,3.7,3,12,180,1,1120,475,60,12,1,,286,12,178.5,,,,,GL60 EN D201910_2,@100% DoD,CCCV,,100%
ISI078b,ISI078,LECLANCHÉ,Nickel rich,NMC,Pouch,GL60 (936A04),Active,Prismatic,4500,80,,,60,4.2,3.7,3,12,180,1,1120,475,60,12,1,,286,12,178.5,,,,,GL60 EN D201910_2,@80% DoD,CCCV,,80%
ISI079a,ISI079,LECLANCHÉ,Nickel rich,NMC 622,Pouch,GL65,Active,Prismatic,7000,80,,,65,4.35,3.72,3,13,195,1,1120,475,65,13,1,,286,12,178.5,,,,,GL65 ENEUR B20213_0,@100% DoD,CCCV,,100%
ISI079b,ISI079,LECLANCHÉ,Nickel rich,NMC 622,Pouch,GL65,Active,Prismatic,4000,80,,,65,4.35,3.72,3,13,195,1,1120,475,65,13,1,,286,12,178.5,,,,,GL65 ENEUR B20213_0,@80% DoD,CCCV,,80%
ISI08,ISI08,Kokam,Nickel rich,NMC,Pouch,SLPB120255255,Active,Prismatic,6000,70,423,182,75,4.2,3.7,2.7,15,225,1,1535,,75,15,1,,265,11.8,268,,2020,,,KKDS20200514BMCEL22 ,,CCCV,,90%
ISI080,ISI080,LG Chem,Nickel rich,NMC,Cylindrical,INR18650 MJ1,Active,Cyl,400,80,,259.6,3.5,4.2,3.635,2.5,0.7,10,1.142857143,49,,3.4,0.96,0.428571429,,,65,,18,2014,,,,SDL,CCCV,,
ISI081,ISI081,LG Chem,Nickel rich,NMC,Cylindrical,INR21700 M50T,Active,Cyl,300,80,,,4.8,4.2,3.635,2.5,0.96,14.55,0.33,69,,3.395,1.455,0.33,0.5,,70,,21,2018,,,16.07.2018,,CCCV,,
ISI082,ISI082,LG Chem,Nickel rich,NMC 811,Cylindrical,INR21700 M50,Active,Cyl,500,80,,248.7,4.8,4.2,3.635,2.5,0.96,14.55,0.33,68.5,,3.395,1.455,0.33,0.5,,70,,21,2017,,,22.09.2017,,CCCV,,
ISI083,ISI083,Lishen,Nickel rich,NCA,Cylindrical,LR2170SA,Active,Cyl,1000,80,,,4,4.2,3.65,2.5,2,12,1,68,,2,0.8,0.5,0.5,,70,,21,2017,,,19.05.2017,SDL26861,CCCV,0.02,
ISI084,ISI084,OSN,Lithium Titanate,LTO,Pouch,OSN08198255LT28,Active,Prismatic,30000,80,,,28,2.8,2.4,1.6,28,420,,,,168,28,,,225,8,198,,,,,2021,,CCCV,,
ISI085,ISI085,Panasonic,Nickel rich,NCA,Cylindrical,Panasonic NCR21700A,Active,Cyl,1000,80,,,5,4.2,3.65,2.5,1,15,,70,,3,1,,,,70,,21,,,,2021,,CCCV,,
ISI086,ISI086,Panasonic,Nickel rich,NCA,Cylindrical,NCR20700A,Active,Cyl,300,80,512,192,3.3,4.2,3.65,2.5,0.66,20,3,60,,2.2,0.66,1,,,70,,20,,,,,,CCCV,0.03,
ISI087,ISI087,Panasonic,Nickel rich,NCA,Cylindrical,NCR20700B,Active,Cyl,500,80,659,224,4,4.2,3.65,2.5,0.8,12,2,63,,2,0.8,0.5,,,70,,20,,,,,SDL_25605,CCCV,0.03,
ISI088,ISI088,Samsung,Nickel rich,NCA,Cylindrical,INR2170040T,Active,Cyl,250,60,,,4,4.2,3.635,2.5,0.8,10,8,70,,6,2,1.5,,,70,,21,2017,,,122.017,,CCCV,0.03,
ISI089,ISI089,Samsung,Nickel rich,NCA,Cylindrical,INR2170048G,Active,Cyl,500,60,,250.4,4.8,4.2,3.635,2.5,0.96,9.6,1,70,,4.8,1.44,0.3,,,70,,21,2015,,,102.015,,CCCV,,
ISI09,ISI09,Kokam,Nickel rich,NMC,Pouch,SLPB130255255G1,Active,Prismatic,6000,70,503,211,103,4.2,3.7,2.7,20.6,206,1,1810,,103,20.6,1,,265,13.3,268,,2020,,,,,CCCV,,90%
ISI090,ISI090,VAPCELL,Nickel rich,NMC,Cylindrical,INR21700,Active,Cyl,,,,,4.5,4.2,3.6,2.5,0.9,20,,72,,3,1.5,,,,70,,21,,,,24.05.2011,,CCCV,,
ISI091,ISI091,Eagle Picher Technologies LLC,Nickel rich,NMC. NCA. NMC/NCA,Prismatic,LiBG18EV1,Active,Prismatic,2000,80,210,80,17,4.1,3.7,2.5,8.5,2000,0.5,810,,27.5,1.1,1,,229,9.8,142,,2020,,,,Dimensionen aus Inches in mm umgerechnet,CCCV,,
ISI092,ISI092,Eagle Picher Technologies LLC,Nickel rich,NMC. NCA. NMC/NCA,Prismatic,SLC16050003,Active,Prismatic,,,305.4,121.3,62.5,4.1,3.7,3,31.25,62.5,,2020,,125,31.25,,,172.7,58.4,81.5,,2016,,,,keine genaue Angabe zu Life Cycle,CCCV,,
ISI093,ISI093,Eagle Picher Technologies LLC,Nickel rich,NMC. NCA. NMC/NCA,Prismatic,SLC21060001,Active,Prismatic,,,324.1,131.7,72,4.1,3.7,3,36,72,,1974,,146,36,,,173,56.9,81.5,,N/A,,,,keine genaue Angabe zu Life Cycle,CCCV,,
ISI094,ISI094,Eagle Picher Technologies LLC,Nickel rich,NCA,Prismatic,LP 32975,Active,Prismatic,2000,80,285,114,12,4.1,3.6,3,2.4,96,0.5,465,,,6,0.5,,97.9,25.3,71,,2019,,,LP329750419,,CCCV,0.02,100%
ISI095,ISI095,Eagle Picher Technologies LLC,Nickel rich,NCA,Prismatic,LP 33037,Active,Prismatic,2000,80,393,160,60,4.1,3.6,3,12,250,0.5,1600,,,12,0.5,,141.3,34,137.7,,2019,,,,,CCCV,0.02,100%
ISI096,ISI096,Eagle Picher Technologies LLC,Nickel rich,NCA,Prismatic,LP 33081,Active,Prismatic,2000,80,335,141,30,4.1,3.6,3,6,150,0.5,950,,,6,0.5,,140.5,28.1,95.7,,2019,,,LP330810419 ,,CCCV,0.02,100%
ISI097,ISI097,Eagle Picher Technologies LLC,Nickel rich,NCA,Prismatic,LP 33330,Active,Prismatic,,,263,105,6,4.1,3.6,3,1.2,24,,222,,,,,,77.8,22.2,49.8,,2019,,,,no charge data,CCCV,0.02,100%
ISI098,ISI098,Eagle Picher Technologies LLC,Nickel rich,NCA,Prismatic,LP 33450,Active,Prismatic,2000,80,378,153,43,4.1,3.6,3,8.6,200,0.5,1270,,,21.5,0.5,,151.7,30.7,106.7,,2019,,,LP334500319 ,,CCCV,0.02,100%
ISI099,ISI099,Eagle Picher Technologies LLC,Nickel rich,NCA,Prismatic,LP 34100,Active,Prismatic,,,165,70,5,4.1,3.6,3,,500,,275,,,2.5,,,143.2,7.4,105.9,,2019,,,,low temperature cell,CCCV,0.02,100%
ISI100,ISI100,Amita Technologies,Nickel rich,NMC,Pouch,9299130NE,Active,Prismatic,1500,70,512,246,16.8,4.2,3.7,2.8,3.2,32,1,240,,16,3.2,1,0.33,130,9.2,99,,N/A,,,,1C1C RT 1500 Cycle ≧ 70%SOH,CCCV,0.05,100%
ISI101,ISI101,Amita Technologies,Nickel rich,NMC / LTO,Prismatic,120155250LAL40,Active,Prismatic,7500,80,198,90,42,2.7,2.2,1.6,8,200,1,980,,120,8,1,,250,12,155,,2019,,,15.10.2019,1C1C RT > 10000,CCCV,,
ISI102,ISI102,Amita Technologies,Lithium Iron Phosphate,LFP,Prismatic,120155250PLF01,Active,Prismatic,4000,80,275,128,40,3.65,3.2,2.5,8,120,1,980,,120,8,1,0.33,250,12.2,155,,2020,,,18.06.2020,,CCCV,,
ISI103a,ISI103,Amita Technologies,Nickel rich,NMC,Prismatic,120155250N AM44E,Active,Prismatic,5000,80,384.6,202,49,4.2,3.65,2.8,9.6,144,1,885,,9.6,144,1,,250,12.2,155,,2020,,,18.06.2020,,CCCV,0.05,90%
ISI103b,ISI103,Amita Technologies,Nickel rich,NMC,Prismatic,120155250N AM44E,Active,Prismatic,3500,80,384.6,202,49,4.2,3.65,2.8,9.6,144,1,885,,9.6,144,1,,250,12.2,155,,2020,,,18.06.2020,,CCCV,0.05,100%
ISI104,ISI104,Amita Technologies,Nickel rich,NMC,Prismatic,120155250NHNH02,Active,Prismatic,3000,85,348.3,175,45,4.2,3.6,2.4,8.8,176,1,928,,176,8.8,4,,250,12.2,155,,2020,,,18.06.2020,,CCCV,0.05,
ISI105,ISI105,Amita Technologies,Nickel rich,NMC,Pouch,5099130NRS,Active,Prismatic,2000,80,333,152,5.5,4.2,3.7,2.8,,44,1,141,,27.5,,1,,130,5.23,98,,N/A,,,07.12.2008,Datasheet als Screenshot Webseite,CCCV,,
ISI106,ISI106,Amita Technologies,Nickel rich,NMC,Pouch,7799130N,Active,Prismatic,2000,,388,181,10.3,4.2,3.7,2.8,,30.9,1,218,,10.3,,1,,130,8.2,98,,N/A,,,,Datasheet als Screenshot Webseite,CCCV,,
ISI107,ISI107,Amita Technologies,Nickel rich,NCA,Pouch,8399130NE,Active,Prismatic,700,,521,235,14.5,4.2,3.7,2.8,,14.5,1,235,,14.5,,1,,130,8.3,99,,N/A,,,,Datasheet als Screenshot Webseite,CCCV,,
ISI108,ISI108,Amita Technologies,Nickel rich,NMC,Pouch,7799130ND,Active,Prismatic,2000,,440,202,11.7,4.2,3.7,2.8,,35.1,1,221,,11.7,,1,,130,8.1,98,,N/A,,,,,CCCV,,
ISI109,ISI109,Amita Technologies,Lithium Iron Phosphate,LFP,Pouch,7799130P,Active,Prismatic,3000,,266,135,7.5,3.65,3.2,2.5,,37.5,,195,,15,,,,130,7.9,98,,N/A,,,,,CCCV,,
ISI110,ISI110,Amita Technologies,Nickel rich,NMC,Pouch,9299130N,Active,Prismatic,2000,,404,184,13,4.2,3.7,2.8,,39,1,260,,13,,1,,130,9.05,98,,N/A,,,,,CCCV,,
ISI111,ISI111,Eemb Co,Lithium Iron Phosphate,LFP,Prismatic,LP7851119F,Active,Prismatic,2000,,,,3.5,3.65,3.2,2,0.7,7,0.5,87.5,,3.5,0.73,0.5,0.33,120,8.1,51.5,,2015,,,,no data spec. energy,CCCV,,
ISI112,ISI112,Eemb Co,Lithium Iron Phosphate,LFP,Prismatic,LP1167220F,Active,Prismatic,2000,,,,11,3.65,3.2,2,2.2,22,0.5,275,,11,0.73,0.5,0.33,224,11.3,67.5,,2016,,,13.10.2016,no data spec. energy,CCCV,,100%
ISI113,ISI113,Eemb Co,Lithium Iron Phosphate,LFP,Prismatic,LP7568130F,Active,Prismatic,2000,,,,5,3.65,3.2,2,1,10,0.5,125,,5,0.73,0.5,0.33,131,7.8,68.5,,2015,,,18.09.2015,no data spec. energy,CCCV,,100%
ISI114,ISI114,Eemb Co,Lithium Iron Phosphate,LFP,Prismatic,LP9590120F,Active,Prismatic,2000,,,,8.5,3.65,3.2,2,1.7,17,0.5,170,,8.5,0.73,0.5,0.33,121,9.8,90.5,,2018,,,30.06.2018,no data spec. energy,CCCV,,100%
ISI115,ISI115,Eemb Co,Lithium Iron Phosphate,LFP,Prismatic,LP60100100F,Active,Prismatic,2000,,,,4.5,3.65,3.2,2,0.9,9,0.5,112.5,,4.5,0.73,0.5,0.33,101,6.3,100.5,,2015,,,18.09.2015,no data spec. energy,CCCV,,100%
ISI116,ISI116,Eemb Co,Lithium Iron Phosphate,LFP,Prismatic,LP90100160F,Active,Prismatic,2000,,,,10,3.65,3.2,2,2,20,0.5,250,,10,0.73,0.5,0.33,166,9.5,101,,2017,,,18.07.2017,no data spec. energy,CCCV,,100%
ISI117,ISI117,Eemb Co,Lithium Iron Phosphate,LFP,Prismatic,LP7851119F,Active,Prismatic,2000,,,,7,3.65,3.2,2,1.4,14,0.5,175,,7,0.73,0.5,0.33,123,7.8,103.5,,2014,,,10.06.2015,no data spec. energy,CCCV,,100%
ISI118,ISI118,Eagle Picher Technologies LLC,Nickel rich,NCA,Prismatic,LP 32770,Active,Prismatic,2000,80,343,134,55,4.1,3.7,3,11,440,0.5,1680,,27.5,11,0.5,,141,34,137.7,,2016,,,,,CCCV,,
ISI119,ISI119,BMZ / Sony,Nickel rich,NMC 811,Cylindrical,BMZ 21700 50EL,Active,Cyl,1000,90,,257,5,4.2,3.6,2.5,1,14,0.33,68.5,,2.38,1.45,0.33,,,70.15,,21.1,2018,,,,,CCCV,,
ISI120,ISI120,Zenlabs / Envia,Nickel rich,NMC 811,Pouch,ENV 11.6 Ah,Active,Prismatic,800,80,850,340,12,4.2,3.45,2.5,2.4,60,1,121,,12,2.4,1,,145,6,64,,2019,,,12.06.2019,,CCCV,,
ISI121,ISI121,Zenlabs / Envia,Nickel rich,NMC,Pouch,ENV 50.4 Ah,Active,Prismatic,1000,80,640,300,51,4.3,3.46,2.5,10.2,255,1,592,,51,10.2,1,,320,7,102,,2019,,,,,CCCV,,
ISI122,ISI122,Yoku Energy (Shenzhen) Co,,,Pouch,2895129,Active,Prismatic,800,80,,,4.42,4.35,3.85,2.5,1,8.8,0.5,79,,4.4,1,0.33,,129,2.8,95,,,(),,,,CCCV,,
ISI123,ISI123,EVE Energy,Lithium Iron Phosphate,LFP,Prismatic,LF10573103,Active,Prismatic,3500,80,,,106.5,3.65,3.2,2.5,53.25,319.5,1,1980,,106.5,53.25,1,,200.5,36.7,130.3,,2017,,,17.10.2017,,CCCV,0.05,
ISI124,ISI124,EVE Energy,Lithium Iron Phosphate,LFP,Prismatic,LF90K,Active,Prismatic,3500,80,318,147,91.5,3.65,3.2,2.5,265,681,1,1990,,91.5,45.75,1,,195.3,36.2,130.1,,,,,,,CCCV,,
ISI125,ISI125,BMZ / TerraE,Nickel rich,NCA,Cylindrical,INR 21700 50 E,Active,Cyl,800,80,727,264,5,4.2,3.6,2.75,1,15,1,72,,3.5,0.2,0.5,,,70.9,,21.7,2021,,,24.09.2021,,CCCV,0.02,
ISI126,ISI126,SKI,Nickel rich,,Pouch,SKI Kia Niro,Active,Prismatic,1000,80,607,257,60,4.35,3.6,2.75,30,120,1,899.3,,60,30,1,,300,15,108.5,,2019,,,,,CCCV,,
ISI127,ISI127,CALB,Nickel rich,NMC,Prismatic,L148N50B,Active,Prismatic,2000,80,,212,50,4.35,3.66,2.75,25,50,1,861,,50,25,1,,148,26.5,97.5,,2019,,,102.019,,CCCV,,80%
ISI128,ISI128,CALB,Lithium Iron Phosphate,LFP,Prismatic,L135F72 (CAM72),Active,Prismatic,2000,80,,132,72,3.65,3.2,2.5,36,72,1,1780,,72,36,1,,215,30,135,,2019,,,102.019,,CCCV,,80%
ISI129,ISI129,CALB,Lithium Iron Phosphate,LFP,Prismatic,L160F100B,Active,Prismatic,3000,80,,160,100,3.65,3.2,2.5,50,100,1,1970,,100,50,1,,160,49.9,116,,2019,,,102.019,,CCCV,,80%
ISI130,ISI130,CALB,Lithium Iron Phosphate,LFP,Prismatic,LFP176Ah,Active,Prismatic,2000,80,,141,176,3.65,3.2,2.5,88,176,1,3984,,176,88,1,,207,53.7,174,,2019,,,102.019,,CCCV,,80%
ISI131,ISI131,CALB,Lithium Iron Phosphate,LFP,Prismatic,26650FS3,Active,Prismatic,2000,80,,129,3.6,3.65,3.2,2,1.8,10.8,0.5,89,,5.4,1.8,0.5,,,65,,26,2019,,,102.019,,CCCV,,80%
ISI132,ISI132,Samsung,Nickel rich,,Prismatic,CS0495RT001A,Active,Prismatic,,,488,208,49.5,4.35,3.6,2.75,24.75,49.5,1,866,,49.5,24.75,1,,148,27,91,,2019,,,17.02.2022,Batemo,CCCV,,
ISI133,ISI133,BAK,Nickel rich,,Cylindrical,N21700CG50,Active,Cyl,800,80,704,260,5,4.2,3.6,2.5,2.5,15,1,70,,5,2.5,0.5,,,70,,21,2020,,,22.04.2020,Batemo,CCCV,0.01,
ISI134,ISI134,Panasonic,Nickel rich,,Cylindrical,NCR2170‑M,Active,Cyl,,,755,271,5.02,4.2,3.6,2.5,2.51,15.8,1,70,,5.02,2.51,0.5,,,70,,21,2020,,,01.09.2021,Batemo,CCCV,,
ISI135,ISI135,Molicel,Nickel rich,,Cylindrical,INR21700P42B,Active,Cyl,800,80,601,226,4.2,4.2,3.6,2.5,4.2,26,1,70,,6,4.2,1,,,70,,21,,,,,Batemo,CCCV,0.01,
ISI136,ISI136,Molicel,Nickel rich,,Cylindrical,INR21700P42A,Active,Cyl,800,80,615,230,4.2,4.2,3.6,2.5,4.2,26,2.5,70,,6,4.2,1,,,70,,21,,,,,Batemo,CCCV,0.01,
ISI137,ISI137,Samsung,Nickel rich,,Cylindrical,INR2170050S,Active,Cyl,,,742,260,5,4.2,3.6,2.5,5,20,1,72,,6,2.5,1,,,70,,21,2020,,,,Batemo,CCCV,,
ISI138,ISI138,LG Chem,Nickel rich,,Pouch,A7,Active,Prismatic,,,524,211,50,4.2,3.6,2.5,50,179,1,895,,50,25,1,,298,10.6,153,,2018,,,01.05.2017,Batemo,CCCV,,
ISI139,ISI139,Lishen,Nickel rich,,Prismatic,C‑PR51A,Active,Prismatic,,,481,215,51,4.2,3.6,2.5,51,188,1,911,,51,25.5,1,,148,28,98,,,,,,Batemo,CCCV,,
ISI140,ISI140,LG Chem,Nickel rich,,Pouch,E61V,Active,Prismatic,,,641,257,61,4.2,3.6,2.5,30.5,61,0.5,875,,61,20.13,0.33,,355,11.4,110,,2019,,,01.04.2021,Batemo,CCCV,,
ISI141,ISI141,LG Chem,Nickel rich,,Pouch,E66A,Active,Prismatic,,,648,259,65,4.2,3.657,2.5,32.5,65,0.5,897,426,65,21.45,0.33,,350,11.7,104,,2020,,,01.11.2020,Batemo,CCCV,,
ISI142,ISI142,LG Chem,Nickel rich,,Pouch,E63,Active,Prismatic,1000,80,,,65.6,4.2,3.6,2.5,32.8,65.6,0.5,964,,65.6,21.648,0.33,,325,11.5,125,,2018,,,26.02.2018,@25°C Room,CCCV,,
ISI143a,ISI143,Samsung,Nickel rich,,Cylindrical,INR2170048,Active,Cyl,1500,70,,,4.8,4.2,3.6,2.5,0.96,4.8,1,72,,4.8,1.584,1,,,70,,21,,,,2020,,CCCV,,80%
ISI143b,ISI143,Samsung,Nickel rich,,Cylindrical,INR2170048,Active,Cyl,500,70,,,4.8,4.2,3.6,2.5,0.96,4.8,1,72,,4.8,1.584,1,,,70,,21,,,,2020,,CCCV,,100%
ISI144,ISI144,LG Chem,Nickel rich,,Pouch,E63B,Active,Prismatic,1200,65,,,63,4.2,3.6,2.5,31.5,63,1,882,,63,18.9,0.33,,301,14.5,100,,2018,,,,@25°C Room,CCCV,,
ISI145,ISI145,LG Chem,Nickel rich,NMC712,Pouch,E78,Active,Prismatic,1500,80,,265,78,4.2,3.6,2.5,23.4,78,0.33,965,,78,23.4,0.33,,530,8.5,100,,2021,,,2022,@25°C Room,CCCV,,
ISI146,ISI146,A123,Lithium Iron Phosphate,LFP,Pouch,A123 20AH,Active,Prismatic,1000,80,,,20,3.65,3.3,2.5,4,20,,496,,20,4,,,227,7.25,160,,,,,,,CCCV,,
ISI147,ISI147,LG Chem,Nickel rich,NMC,Pouch,N2.1,Active,Prismatic,1000,80,,265,60,4.2,3.6,2.5,12,120,0.33,820,,60,12,0.33,,330,16.5,100,,2020,,,,@25°C Room,CCCV,,
ISI148,ISI148,CALB,Lithium Iron Phosphate,LFP,Prismatic,CA400,Active,Prismatic,2000,80,,,400,3.65,3.2,2.5,120,800,0.3,13600,,400,120,0.3,,450,71,275,,,,,,,CCCV,,80%
ISI149,ISI149,CALB,Lithium Iron Phosphate,LFP,Prismatic,CAM72,Active,Prismatic,2000,80,,,72,3.65,3.2,2.5,21.6,216,0.3,1900,,72,21.6,0.3,,68,29,216,,,,,,,CCCV,,80%
ISI150,ISI150,Melasta,Lithium Iron Phosphate,LFP,Prismatic,MBLFP32173128,Active,Prismatic,2000,80,,,60,3.65,3.2,2,12,180,0.2,1410,,120,12,0.2,,173,32,124,,,,,,,CCCV,0.02,80%
ISI151,ISI151,Melasta,Lithium Iron Phosphate,LFP,Cylindrical,MBIFR26650,Active,Cyl,2000,80,,,3.8,3.65,3.2,2,0.76,11.4,0.2,92,,3.8,0.76,0.2,,,65.2,,26.5,,,,,,CCCV,0.02,80%
ISI152,ISI152,Melasta,Nickel rich,NMC,Pouch,SLPBB042126,Active,Prismatic,100,80,,,6.55,4.2,3.7,2.5,1.31,98.25,15,126,,13.1,1.31,0.5,,127,10.2,42,,,,,,,CCCV,0.02,80%
ISI153,ISI153,Kokam,Nickel rich,NMC,Pouch,SLPB70205130P,Active,Prismatic,1400,80,,,12,4.2,3.7,2.7,12,180,0.5,345,,36,12,0.5,,208,130,7,,2011,,,28.04.2011,,CCCV,0.05,80%
ISI154,ISI154,Saft,,,Prismatic,INT 176065 ISR FL,Active,Prismatic,2250,,,,5.6,4.2,3.65,2.5,2.8,11,0.5,155,,5.6,5.6,1,,63,74,20.6,,2020,,,122.020,,CCCV,,100%
ISI155,ISI155,Saft,,,Prismatic,MP 144350 LR,Active,Prismatic,1100,,335,142,2.6,4.2,3.65,2.5,1.3,5,0.5,66,,2.6,2.6,1,,42.9,50.1,14.5,,2018,,,42.018,,CCCV,,100%
ISI156,ISI156,Saft,,,Prismatic,MP 176065 ISE,Active,Prismatic,1000,,264,150,5.6,4.2,3.65,2.5,2.8,11,0.5,135,,5.6,5.6,0.5,,60.5,68.7,19.05,,2019,,,72.009,,CCCV,,100%
ISI157a,ISI157,Gaia,Nickel rich,NCA,Cylindrical,HP 602030,Active,Cyl,1000,80,282,108,45,4.2,3.6,3,90,450,0.5,1500,,180,45,0.5,,,232,,60,2009,,,62.009,,CCCV,,80%
ISI157b,ISI157,Gaia,Nickel rich,NCA,Cylindrical,HP 602030,Active,Cyl,2000,60,282,108,45,4.2,3.6,3,90,450,0.5,1500,,180,45,0.5,,,232,,60,2009,,,62.009,,CCCV,,60%
ISI158,ISI158,Keeppower,,,Cylindrical,NH2140,Active,Cyl,500,70,,,4,4.2,3.7,2.5,0.8,35,,69,,4,0.05,,,,70.3,,21.5,,,,,,CCCV,,
ISI159a,ISI159,Panasonic,,,Cylindrical,NCR18650BF,Active,Cyl,500,80,677,248,3.35,4.2,3.6,2.5,3.25,3.25,1,46.5,,1.625,1.625,0.5,,,65.1,,18.24,,,,,,CCCV,0.02,
ISI159b,ISI159,Panasonic,,,Cylindrical,NCR18650BF,Active,Cyl,500,80,600,219,2.965,4.1,3.6,2.5,3.25,3.25,1,46.5,,1.625,1.625,0.5,,,65.1,,18.24,,,,,,CCCV,0.02,
ISI160a,ISI160,Panasonic,Nickel rich,NCA,Prismatic,NCA596080,Active,Prismatic,300,80,506,212,4.179,4.2,3.6,2.75,3.94,3.94,0.5,67,,2.758,2.758,0.8,,60,80,5.85,,,,,,,CCCV,,
ISI160b,ISI160,Panasonic,Nickel rich,NCA,Prismatic,NCA596080,Active,Prismatic,300,80,506,212,3.95,4.2,3.6,2.75,3.94,3.94,0.5,67,,2.758,2.758,0.8,,60,80,5.85,,,,,,,CCCV,,
ISI161,ISI161,Samsung,Nickel rich,NMC,Cylindrical,INR2170030T,Active,Cyl,250,60,,,3,4.2,3.6,2.5,0.6,35,12,69,,4,1.5,1.5,,,70.3,,21.22,,,,Version No. 2.0,,CCCV,,
ISI162,ISI162,Hypercell,,,Cylindrical,NCR20700,Active,Cyl,300,70,,,4.25,4.25,3.6,2.5,0.85,3.4,,70,,4.05,2.125,,,,74,,20.5,2018,,,29.09.2018,,CCCV,0.02,
ISI163,ISI163,Panasonic,,,Pouch,UPF673791,Active,Prismatic,500,80,449,202,2.9,4.2,3.7,2.75,2.9,2.9,1,51,,2.9,2.9,1,,37.3,91.7,6.7,,,,,,,CCCV,0.02,
ISI164,ISI164,Kokam,,,Pouch,SLPB65216216,Active,Prismatic,800,80,,,30,4.2,3.7,2.7,30,150,0.5,700,,30,30,0.5,,220,215,6.8,,,,,,,CCCV,,80%
ISI165,ISI165,Kokam,,,Pouch,SLPB90216216,Active,Prismatic,800,80,,,40,4.2,3.7,2.7,40,200,0.5,935,,40,40,0.5,,220,215,9,,,,,,,CCCV,,80%
ISI166,ISI166,Kokam,,,Pouch,SLPB53460330,Active,Prismatic,800,80,,,70,4.2,3.7,2.7,70,350,0.5,1700,,70,70,0.5,,325,455,5.3,,,,,,,CCCV,,80%
ISI167,ISI167,Kokam,,,Pouch,SLPB30205130H,Active,Prismatic,800,80,,,5,4.2,3.7,2.7,25,50,0.5,164,,10,10,0.5,,130,206,3.1,,,,,,,CCCV,,80%
ISI168,ISI168,Kokam,,,Pouch,SLPB41205130H,Active,Prismatic,800,80,,,7.5,4.2,3.7,2.7,37.5,75,0.5,226,,15,15,0.5,,130,206,4.2,,,,,,,CCCV,,80%
ISI169,ISI169,Kokam,,,Pouch,SLPB11043140H,Active,Prismatic,500,80,,,4.8,4.2,3.7,2.7,96,192,0.5,115,,14.4,14.4,0.5,,140,42.5,11,,,,,,,CCCV,,80%
ISI170,ISI170,Kokam,,,Pouch,SLPB45205130P,Active,Prismatic,800,80,,,7.2,4.2,3.7,2.7,14.4,144,0.5,226,,21.6,21.6,0.5,,130,206,4.5,,,,,,,CCCV,,80%
ISI171,ISI171,ENERTECH,Nickel rich,NMC. NCA. NMC/NCA,Pouch,SPB 58253172P4,Active,Prismatic,2000,80,366,185,25,4.2,3.7,2.7,12.5,75,1,500,,125,12.5,1,,253,5.8,172,,2020,,,,,CCCV,,
ISI172,ISI172,Amita Technologies,Nickel rich,NMC,Prismatic,120155250NH  NH04,Active,Prismatic,3000,80,398,199,50,4.2,3.7,2.8,9,180,1,930,,180,9,3,,251,12.5,157,,2020,,,18.06.2020,,CCCV,0.05,
ISI173,ISI173,BMZ / TerraE,Nickel rich,,Cylindrical,INR 21700 58 E,Active,Cyl,800,80,,,5.7,4.2,3.6,2.75,1.14,15,1,75,,5.7,1.14,0.5,,,70.9,,21.7,2022,,,24.02.2022,,CCCV,0.02,
ISI174,ISI174,Yinglong,Lithium Titanate,LTO,Cylindrical,LTO 9Ah,Active,Cyl,16000,80,170,76,9,2.7,2.3,1.5,1.8,90,1,270,,90,1.8,1,,,140,,33.2,2022,,,,,CCCV,,
ISI175,ISI175,Yinglong,Lithium Titanate,LTO,Cylindrical,LTO 40Ah,Active,Cyl,25000,80,128,76,40,2.7,2.3,1.5,8,240,1,1210,,240,8,1,,,161,,66,2022,,,,,CCCV,,
ISI176,ISI176,Yinglong,Lithium Titanate,LTO,Cylindrical,LTO 45Ah,Active,Cyl,25000,80,144,80,45,2.7,2.3,1.5,9,225,1,1270,,225,9,1,,,161,,66,2022,,,,,CCCV,,
ISI177,ISI177,Yinglong,Lithium Titanate,LTO,Prismatic,LTO 30Ah,Active,Prismatic,16000,80,152,67,30,2.7,2.3,1.5,6,180,1,1030,,180,6,1,,,173,28.5,97,2022,,,,,CCCV,,
ISI178,ISI178,Yinglong,Lithium Titanate,LTO,Prismatic,LTO 33Ah,Active,Prismatic,16000,80,142,61,33,2.7,2.3,1.5,6.6,198,1,1245,,198,6.6,1,,,205,21,130,2022,,,,,CCCV,,
ISI179,ISI179,Yinglong,Lithium Titanate,LTO,Pouch,LTO 68Ah,Active,Prismatic,25000,80,182,81,68,2.7,2.3,1.5,13.6,476,1,1880,,476,13.6,1,,,263,12.6,256,2022,,,,,CCCV,,
ISI180,ISI180,ELERI,Lithium Titanate,LTO,Prismatic,ET30K,Active,Prismatic,16000,80,147,68,30,2.7,2.3,1.5,6,180,1,1030,,180,6,1,,,173,28,97,2022,,,,,CCCV,,
ISI181,ISI181,,Lithium Titanate,LTO,Pouch,LTO 21Ah,Active,Prismatic,25000,80,,,21,2.7,2.3,1.5,4.2,126,1,668,,126,4.2,1,,,295,10.5,120,2022,,,,,CCCV,,
ISI182,ISI182,,Nickel rich,,Pouch,E78,Active,Prismatic,2000,80,,,78,4.2,3.6,2.5,15.6,234,0.33,1110,,78,39,0.33,,510,8,98,,2022,,,2022,@25°C Room,CCCV,,
ISI183,ISI183,EVE Energy,Nickel rich,NMC,Pouch,D11,Active,Prismatic,3000,80,,210,43,4.2,3.63,2.7,8.6,137.6,,743,,43,8.6,,,188,10.8,174,,2022,,,,,CCCV,,
ISI184,ISI184,EVE Energy,Nickel rich,NMC,Pouch,D12,Active,Prismatic,3000,80,,200,30,4.2,3.68,2.7,6,90,,552,,30,6,,,227,7.2,165,,2022,,,,,CCCV,,
ISI185,ISI185,EVE Energy,Nickel rich,NMC,Pouch,D13,Active,Prismatic,3000,80,,235,51,4.2,3.7,2.7,10.2,102,,800,,51,10.2,,,227,10.5,165,,2022,,,,,CCCV,,
ISI186,ISI186,EVE Energy,Nickel rich,NMC,Pouch,D21,Active,Prismatic,3000,80,,260,52,4.2,3.7,2.7,10.4,104,,740,,52,10.4,,,305,11.5,102,,2022,,,,,CCCV,,
ISI187,ISI187,EVE Energy,Nickel rich,NMC,Prismatic,INP42P,Active,Prismatic,2000,80,,,42,4.2,3.65,2.7,8.4,84,1,740,,42,8.4,1,,148,27,97,,2022,,,,,CCCV,,
ISI188,ISI188,EVE Energy,Nickel rich,NMC,Prismatic,INP50E,Active,Prismatic,2000,80,,,50,4.2,3.65,2.7,10,100,1,880,,50,10,1,,148,27,97,,2022,,,,,CCCV,,
ISI189,ISI189,EVE Energy,Nickel rich,NMC,Prismatic,INP60E,Active,Prismatic,2000,80,,,60,4.2,3.65,2.7,12,120,1,870,,60,12,1,,148,27,97,,2022,,,,,CCCV,,
ISI190,ISI190,EVE Energy,Nickel rich,NMC,Prismatic,INP72P,Active,Prismatic,2000,80,,,72,4.2,3.65,2.7,14.4,144,1,1300,,72,14.4,1,,148,39,97,,2022,,,,,CCCV,,
ISI191,ISI191,EVE Energy,Nickel rich,NMC,Prismatic,INP80E,Active,Prismatic,2000,80,,,80,4.2,3.65,2.7,16,160,1,1320,,80,16,1,,148,39,97,,2022,,,,,CCCV,,
ISI192,ISI192,EVE Energy,Lithium Iron Phosphate,LFP,Prismatic,LF50,Active,Prismatic,3500,80,,,50,3.65,3.2,2,10,50,1,1380,,50,10,1,,185,30,135,,2022,,,,,CCCV,,
ISI193,ISI193,EVE Energy,Lithium Iron Phosphate,LFP,Prismatic,LF56K,Active,Prismatic,3500,80,,,56,3.65,3.2,2,11.2,56,1,1450,,56,11.2,1,,185,30,135,,2022,,,,,CCCV,,
ISI194,ISI194,EVE Energy,Lithium Iron Phosphate,LFP,Prismatic,LF75,Active,Prismatic,3500,80,,,75,3.65,3.2,2,15,75,1,1880,,75,15,1,,200,36,130,,2022,,,,,CCCV,,
SDL01248,SDL01248,Saft,Nickel rich,NMC. NCA. NMC/NCA,Cylindrical,VL 34570,Active,Cyl,500,70,380,160,5.4,4.2,3.7,2.5,1.1,11,,125,52.8197,5.4,1.1,,,,59.43,,34.2,2007,,,72.019,,CCCV,,100%
SDL02926,SDL02926,Kokam,Nickel rich,NMC,Pouch,SLPB50106100,Active,Prismatic,800,80,,,5,4.2,3.7,2.7,2.5,10,1,115,53,5,1,1,,106,5,100,,,,,,,CCCV,,80%
SDL02927,SDL02927,Kokam,Nickel rich,NMC,Pouch,SLPB75106100,Active,Prismatic,800,80,,173,7.5,4.2,3.7,2.7,3.75,15,1,155,79.5,7.5,1.5,1,,106,7.5,100,,,,,,,CCCV,,80%
SDL02928,SDL02928,Kokam,Nickel rich,NMC,Pouch,SLPB75106205,Active,Prismatic,800,80,,174,16,4.2,3.7,2.7,8,16,1,330,162.975,16,3.2,1,,205,7.5,106,,,,,,,CCCV,,80%
SDL02929,SDL02929,Kokam,Nickel rich,NMC,Pouch,SLPB60216216,Active,Prismatic,800,80,,154,25,4.2,3.7,2.7,12.5,25,0.5,620,307.45,25,5,0.5,,220,6.5,215,,,,,,,CCCV,,80%
SDL02933,SDL02933,Kokam,Nickel rich,NMC,Pouch,SLPB70460330,Active,Prismatic,800,80,,179,100,4.2,3.7,2.7,50,100,0.5,2320,1064.7,100,20,0.5,,455,7.2,325,,,,,,,CCCV,,80%
SDL02945,SDL02945,Kokam,Nickel rich,NMC,Pouch,SLPB55205130H,Active,Prismatic,800,80,,145,11,4.2,3.7,2.7,5.5,55,0.5,292,149.968,22,2.2,0.5,,206,5.6,130,,,,,,,CCCV,,80%
SDL02946,SDL02946,Kokam,Nickel rich,NMC,Pouch,SLPB78216216H,Active,Prismatic,800,80,,158,31,4.2,3.7,2.7,15.5,155,0.5,860,397.32,62,6.2,0.5,,220,8.4,215,,,,,,,CCCV,,80%
SDL02948,SDL02948,Kokam,Nickel rich,NMC,Pouch,SLPB60460330H,Active,Prismatic,800,80,,149,70,4.2,3.7,2.7,35,350,0.5,1950,857.675,140,14,0.5,,455,5.8,325,,,,,,,CCCV,,80%
SDL02949,SDL02949,Kokam,Nickel rich,NMC,Pouch,SLPB80460330H,Active,Prismatic,800,80,,155,100,4.2,3.7,2.7,50,500,0.5,2700,1197.7875,200,20,0.5,,455,8.1,325,,,,,,,CCCV,,80%
SDL02950,SDL02950,Kokam,Nickel rich,NMC,Pouch,SPLB160460330H,Active,Prismatic,800,80,,162,200,4.2,3.7,2.7,100,400,0.5,5260,2513.875,200,40,0.5,,455,17,325,,,,,,,CCCV,,80%
SDL03609,SDL03609,HYB Battery Co,,,Prismatic,IMP206990S,Active,Prismatic,400,80,,,9,4.2,3.7,3,3,27,0.33,310,144.9,4.5,1.8,0.33,,103,20,69,,,,,File No: QP–09–E302 ,,CCCV,0.02,80%
SDL03617,SDL03617,HYB Battery Co,,,Prismatic,IMP50110140S,Active,Prismatic,400,80,,,60,4.2,3.6,3,12,30,0.33,1850,852.5,30,12,0.33,,155,50.5,110,,,,,,,CCCV,0.01,80
SDL05872,SDL05872,Advanced Electronics Energy,,,Pouch,AE8867220PMHRE,Active,Prismatic,300,80,,,10.5,4.2,3.7,2.75,1.94,19.4,0.5,258,129.712,9.7,4.85,0.5,,220,8.8,67,,2006,,,,,CCCV,0.02,90%
SDL06597,SDL06597,Yoku Energy (Shenzhen) Co,,,Pouch,656096,Active,Prismatic,300,75,,,3.6,4.2,3.7,2.75,0.72,3.6,0.2,74,37.44,1.8,0.72,0.2,,96,6.5,60,,2011,,,19.01.2011,,CCCV,0.05,90%
SDL06600,SDL06600,Yoku Energy (Shenzhen) Co,,,Pouch,8235135,Active,Prismatic,300,80,,,3.5,4.2,3.7,2.75,0.7,,0.2,71,38.745,1.75,0.72,0.2,,136,8.2,35.5,,2008,,,10.09.2008,,CCCV,0.05,
SDL06638,SDL06638,Yoku Energy (Shenzhen) Co,,,Pouch,6567100,Active,Prismatic,300,75,,,4,4.2,3.7,2.75,0.75,4,0.2,82,43.55,4,0.75,0.2,,101,6.7,67.5,,2011,,,19.01.2011,,CCCV,0.05,
SDL06646,SDL06646,Yoku Energy (Shenzhen) Co,,,Pouch,7545135,Active,Prismatic,300,80,,,4.2,4.2,3.7,2.75,0.84,4.2,0.2,78,45.5625,4.2,0.84,0.2,,135,7.5,45,,2008,,,25.10.2008,,CCCV,0.05,
SDL07227,SDL07227,ATL  Ampere Technology,,,Pouch,5080122,Active,Prismatic,500,80,,,4.53,4.2,3.7,3,0.906,,0.5,106,50.752,4.53,2.26,0.5,,122,5.2,80,,2008,,,11.12.2008,,CCCV,,
SDL07234,SDL07234,ATL  Ampere Technology,,,Pouch,8235138,Active,Prismatic,500,80,,,3.8,4.2,3.7,3,0.76,3.8,0.2,85,41.055,3.8,1.9,0.2,,138,8.5,35,,2008,,,11.12.2008,,CCCV,,
SDL07236,SDL07236,ATL  Ampere Technology,,,Pouch,8045135,Active,Prismatic,500,80,,,4.4,4.2,3.7,3,0.88,4.4,0.2,95,48.6,4.4,2.2,0.2,,135,8,45,,2008,,,11.12.2008,,CCCV,,
SDL07237,SDL07237,ATL  Ampere Technology,,,Pouch,8845135,Active,Prismatic,500,80,,,4.75,4.2,3.7,3,0.95,4.75,0.2,105,54.675,4.75,2.375,0.2,,135,9,45,,2008,,,11.12.2008,,CCCV,,
SDL07238,SDL07238,ATL  Ampere Technology,,,Pouch,5048168,Active,Prismatic,300,80,,,3.8,4.2,3.7,3,0.76,3.8,0.2,85,41.405,3.8,1.9,0.2,,169,5,49,,2008,,,16.12.2008,,CCCV,,
SDL07239,SDL07239,ATL  Ampere Technology,,,Pouch,6048168,Active,Prismatic,300,80,,,4.2,4.2,3.7,3,0.84,4.2,0.2,100,49.686,4.2,2.1,0.2,,169,6,49,,2008,,,16.12.2008,,CCCV,,
SDL07240,SDL07240,ATL  Ampere Technology,,,Pouch,7048168,Active,Prismatic,300,80,,,5.5,4.2,3.7,3,1.1,5.5,0.2,113,62.9356,5.5,2.75,0.2,,169,7.6,49,,2008,,,16.12.2008,,CCCV,,
SDL09564,SDL09564,Saft,Nickel rich,NMC. NCA. NMC/NCA,Cylindrical,VL 12 V,Active,Cyl,2000,80,175,74,12,4.1,3.6,2.75,12,1500,,640,270,180,12,,,,173,,47,2007,,,22.007,,CCCV,0.01,100%
SDL09565,SDL09565,Saft,Nickel rich,NMC. NCA. NMC/NCA,Cylindrical,VL 34480,Active,Cyl,500,70,380,160,4.4,4.2,3.7,2.5,0.9,8.8,,103,45.8282,4.4,1.1,,,,50.8,,33.9,2007,,,112.007,,CCCV,,100%
SDL09566,SDL09566,Saft,Nickel rich,NMC. NCA. NMC/NCA,Cylindrical,VL 37570,Active,Cyl,500,70,385,175,7,4.2,3.7,2.5,1.4,14,,149,65.3326,7,1.4,,,,59.5,,37.4,2007,,,112.007,,CCCV,,100%
SDL12690,SDL12690,General Electronics Battery Co,,,Cylindrical,GEB32650,Active,Cyl,600,80,,,6,4.2,3.7,2.75,3,6,0.2,140,52.2496,3,1.2,0.2,,,66.5,,32.5,2018,,,06.03.2019,,CCCV,,100%
SDL12800,SDL12800,Saft,Nickel rich,NMC. NCA. NMC/NCA,Cylindrical,VL 4V,Active,Cyl,2000,80,100,50,4.4,4.1,3.6,2.5,4.4,500,1,320,161.0466,66,4.4,1,,,175.4,,34.2,2007,,,42.007,,CCCV,0.01,100%
SDL12801,SDL12801,Saft,Nickel rich,NMC. NCA. NMC/NCA,Cylindrical,VL 6A,Active,Cyl,5000,80,,,6,4.1,3.65,2,12,750,,340,158.6681,90,6,,,,165,,35,2007,,,92.007,,CCCV,0.01,100%
SDL12802,SDL12802,Saft,Nickel rich,NMC. NCA. NMC/NCA,Cylindrical,VL 8V,Active,Cyl,2000,80,122,65,8.5,4.1,3.6,2.5,8.5,1000,,470,252.0227,127.5,8.5,,,,182,,42,2007,,,42.007,,CCCV,0.01,100%
SDL14721,SDL14721,EOne Moli Energy (Canada) Limited,,,Cylindrical,IBR26700A,Active,Cyl,500,80,335,135,3.5,4.2,3.75,2.5,0.7,15,2.9,95,38.298,3.7,0.7,2.9,,,70,,26.4,2006,,,92.006,,CCCV,,
SDL14857,SDL14857,Saft,Nickel rich,NMC. NCA. NMC/NCA,Cylindrical,VL 32600125,Active,Cyl,200,70,,,4.5,4.1,3.6,2.5,0.9,2.3,0.2,139,55.5009,2,0.9,0.2,,,61.85,,32.05,2010,,,12.010,,CCCV,,100%
SDL14876,SDL14876,Saft,Nickel rich,NMC. NCA. NMC/NCA,Cylindrical,VL 34P,Active,Cyl,2000,80,280,120,33,4.1,3.6,2.5,33,500,0.5,940,410,16.5,16.25,0.5,,,195,,54,2007,,,62.007,,CCCV,,100%
SDL14955,SDL14955,Wuhan Lisun Power Corp. Ltd,,,Prismatic,IMP225054S,Active,Prismatic,400,80,,,3.5,4.2,3.7,2.75,0.7,3.5,1,155,67.116,1,0.7,1,,56,23.5,51,,2006,,,File No.:Q/L.S.E.04.0222006 ,,CCCV,0.02,
SDL14956,SDL14956,Wuhan Lisun Power Corp. Ltd,,,Prismatic,IMP225058S,Active,Prismatic,500,80,,,4,4.2,3.7,2.75,0.8,4,1,160,71.91,1,0.8,1,,60,23.5,51,,2006,,,File No.:Q/L.S.E.04.0212006 ,,CCCV,0.02,
SDL14957,SDL14957,Wuhan Lisun Power Corp. Ltd,,,Prismatic,ICP174167S,Active,Prismatic,500,80,,,4,4.2,3.7,2.75,0.8,1,1,130,53.613,1,0.8,1,,69,18.5,42,,2006,,,File No.:Q/L.S.E.04.0022006 ,,CCCV,0.02,
SDL14958,SDL14958,Wuhan Lisun Power Corp. Ltd,,,Prismatic,ICP254145S,Active,Prismatic,500,80,,,4,4.2,3.7,2.75,0.8,2,1,115,52.311,1,0.8,1,,47,25.5,41.5,,2006,,,File No.:Q/L.S.E.04.0242006 ,,CCCV,0.02,
SDL14959,SDL14959,Wuhan Lisun Power Corp. Ltd,,,Prismatic,ICP225054S,Active,Prismatic,500,80,,,5,4.2,3.7,2.75,1,1,1,155,67.116,1,1,1,,56,23.5,51,,2006,,,,,CCCV,0.02,
SDL14960,SDL14960,Wuhan Lisun Power Corp. Ltd,,,Prismatic,IMP225069S,Active,Prismatic,500,80,,,5,4.2,3.7,2.75,1,1,1,195,85.0935,1,1,1,,71,23.5,51,,2006,,,File No.:Q/L.S.E.04.0082006 ,,CCCV,0.02,
SDL14961,SDL14961,Wuhan Lisun Power Corp. Ltd,,,Prismatic,ICP226769S,Active,Prismatic,500,80,,,6.5,4.2,3.7,2.75,1.3,3,1,235,113.458,1,1.3,1,,71,23.5,68,,2006,,,,,CCCV,0.02,
SDL14962,SDL14962,Wuhan Lisun Power Corp. Ltd,,,Prismatic,ICP225069S,Active,Prismatic,500,80,,,7,4.2,3.7,2.75,1.4,1.4,1,195,85.0935,1.4,1.4,1,,71,23.5,51,,2006,,,File No.:Q/L.S.E.04.0062006 ,,CCCV,0.02,
SDL14963,SDL14963,Wuhan Lisun Power Corp. Ltd,,,Prismatic,ICP226754M,Active,Prismatic,500,80,,,7,4.2,3.7,2.75,7,7,1,210,110.262,7,7,1,,69,23.5,68,,2006,,,File No.:Q/L.S.E.04.0162006 ,,CCCV,0.02,
SDL14964,SDL14964,Wuhan Lisun Power Corp. Ltd,,,Prismatic,ICP226769S,Active,Prismatic,500,80,,,9,4.2,3.7,2.75,1.8,1.8,1,235,113.458,1.8,1.8,1,,71,23.5,68,,2006,,,File No.:Q/L.S.E.04.0102006 ,,CCCV,0.02,
SDL14965,SDL14965,Wuhan Lisun Power Corp. Ltd,,,Prismatic,ICP257054M,Active,Prismatic,500,80,,,9,4.2,3.7,2.75,9,9,1,250,129.8235,9,9,1,,71,26.5,69,,2006,,,File No.:Q/L.S.E.04.0182006 ,,CCCV,0.02,
SDL16572,SDL16572,Saft,Nickel rich,NMC. NCA. NMC/NCA,Cylindrical,VL 52E,Active,Cyl,500,80,392,178,52,4.1,3.6,2.75,10.4,52,1,1000,476.1245,52,5.2,1,,,208,,54,,,,,,CCCV,0.01,100
SDL16776,SDL16776,Kayo battery co.. ltd,Lithium Iron Phosphate,LFP,Cylindrical,KFL 3265010P,Active,Cyl,2000,80,,,3.8,3.65,3.2,2.5,0.76,38,0.5,120,53.8952,3.8,1.52,0.5,,,65,,32.5,2008,,,,,CCCV,,
SDL16777,SDL16777,Kayo battery co.. ltd,Lithium Iron Phosphate,LFP,Cylindrical,KFL 32650,Active,Cyl,2000,80,,,4,3.65,3.2,2.5,0.8,12,0.5,125,53.8952,4,1.6,0.5,,,65,,32.5,2008,,,,,CCCV,,
SDL16819,SDL16819,GS Yuasa Technology,Lithium Cobalt Oide,LCO,Prismatic,LVP10,Active,Prismatic,500,80,195,87,11.5,4.2,3.7,3,1.15,57.5,,490,218.4,11.5,2.3,,,130,21,80,,,,,,,CCCV,,
SDL16835a,SDL16835,EAS Batteries,Nickel rich,NCA,Cylindrical,HP601300 NCA,Active,Cyl,1000,80,264,99,27,4.2,3.6,2.7,54,270,0.5,980,449.334,162,27,0.5,,,159,,60,2009,,,62.009,,CCCV,0.01,100%
SDL16835b,SDL16835,EAS Batteries,Nickel rich,NCA,Cylindrical,HP601300 NCA,Active,Cyl,2000,60,264,99,27,4.2,3.6,2.7,54,270,0.5,980,449.334,162,27,0.5,,,159,,60,2009,,,62.009,,CCCV,0.01,100%
SDL18448,SDL18448,Saft,Nickel rich,NMC. NCA. NMC/NCA,Prismatic,MP174565,Active,Prismatic,600,70,423,175,4.8,4.2,3.75,2.5,1,10,0.5,103,42.5,5,1,1,,70,18.1,45.5,,2009,,,92.009,,CCCV,,100%
SDL18449,SDL18449,Saft,Nickel rich,NMC. NCA. NMC/NCA,Prismatic,MP174865 IS,Active,Prismatic,850,70,335,140,4.8,4.1,3.65,2.5,1.1,10,0.5,124,52,5,0.58,0.5,,65,19,48,,2007,,,112.007,,CCCV,,100%
SDL18452,SDL18452,Saft,Nickel rich,NMC. NCA. NMC/NCA,Cylindrical,VL 48E,Active,Cyl,500,80,300,150,48,4.1,3.6,2.5,4.8,100,,1150,572.265,48,4.8,,,,245,,54,2007,,,92.007,,CCCV,,100%
SDL18653,SDL18653,Saft,Lithium Iron Phosphate,LFP,Cylindrical,VL 10VFE,Active,Cyl,600,80,128,54,10,3.65,3.3,2.5,10,1500,,600,270,10,1,,,,173,,47,2007,,,22.007,,CCCV,,
SDL18654,SDL18654,Saft,Lithium Iron Phosphate,LFP,Cylindrical,VL 25PFE,Active,Cyl,2500,75,189,89,25,3.65,3.3,2.5,25,500,0.5,940,451.3401,12.5,5,0.5,,,195,,54,2007,,,82.007,,CCCV,,
SDL20110,SDL20110,Eemb Co,Lithium Cobalt Oide,ambigious  LCO,Pouch,LP6545135,Active,Prismatic,500,80,,,3.8,4.2,3.7,2.7,0.76,7.6,0.5,82,39.4875,1.75,0.76,0.5,,135,6.5,45,,,,,,,CCCV,,
SDL20112a,SDL20112,Eemb Co,Lithium Cobalt Oide,ambigious  LCO,Pouch,LP8545135PCMLD,Active,Prismatic,500,80,,,5.6,4.2,3.7,2.7,1.12,11.2,0.5,105,51.6375,5.6,1.12,0.5,,135,8.5,45,,2015,,,14.10.2015,,CCCV,,
SDL20112b,SDL20112,Eemb Co,Lithium Cobalt Oide,ambigious  LCO,Pouch,LP8545135PCMLD,Active,Prismatic,800,80,,,5.6,4.2,3.7,2.7,1.12,11.2,0.2,105,51.6375,5.6,1.12,0.2,,135,8.5,45,,2015,,,14.10.2015,,CCCV,,
SDL20131a,SDL20131,Eemb Co,Lithium Cobalt Oide,ambigious  LCO,Pouch,LP6548166,Active,Prismatic,500,80,,,5.6,4.2,3.7,2.7,1.12,11.2,0.5,112,51.792,5.6,1.12,0.5,,166,6.5,48,,2018,,,03.11.2020,,CCCV,,
SDL20131b,SDL20131,Eemb Co,Lithium Cobalt Oide,ambigious  LCO,Pouch,LP6548166,Active,Prismatic,800,80,,,5.6,4.2,3.7,2.7,1.12,11.2,0.2,112,51.792,5.6,1.12,0.2,,166,6.5,48,,2018,,,03.11.2020,,CCCV,,
SDL20132a,SDL20132,Eemb Co,Lithium Cobalt Oide,ambigious  LCO,Pouch,LP6848166,Active,Prismatic,500,80,,,5.2,4.2,3.7,2.7,1.04,10.4,0.5,110,54.1824,5.2,1.04,0.5,,166,6.8,48,,2017,,,03.11.2020,,CCCV,,
SDL20132b,SDL20132,Eemb Co,Lithium Cobalt Oide,ambigious  LCO,Pouch,LP6848166,Active,Prismatic,800,80,,,5.2,4.2,3.7,2.7,1.04,10.4,0.2,110,54.1824,5.2,1.04,0.2,,166,6.8,48,,2017,,,03.11.2020,,CCCV,,
SDL20133a,SDL20133,Eemb Co,Lithium Cobalt Oide,ambigious  LCO,Pouch,LP7548166,Active,Prismatic,500,80,,,6.2,4.2,3.7,2.7,1.24,12.4,0.5,124.5,59.76,6.2,1.24,0.5,,166,7.5,48,,2017,,,28.07.2017,,CCCV,,
SDL20133b,SDL20133,Eemb Co,Lithium Cobalt Oide,ambigious  LCO,Pouch,LP7548166,Active,Prismatic,800,80,,,6.2,4.2,3.7,2.7,1.24,12.4,0.2,124.5,59.76,6.2,1.24,0.2,,166,7.5,48,,2017,,,28.07.2017,,CCCV,,
SDL20149a,SDL20149,Eemb Co,Lithium Cobalt Oide,ambigious  LCO,Pouch,LP855085PCMNTCLD,Active,Prismatic,500,80,,,3.9,4.2,3.7,2.7,0.78,7.8,0.5,78,36.125,3.9,0.78,0.5,,85,8.5,50,,2015,,,,,CCCV,,
SDL20149b,SDL20149,Eemb Co,Lithium Cobalt Oide,ambigious  LCO,Pouch,LP855085PCMNTCLD,Active,Prismatic,800,80,,,3.9,4.2,3.7,2.7,0.78,7.8,0.2,78,36.125,3.9,0.78,0.2,,85,8.5,50,,2015,,,,,CCCV,,
SDL20153a,SDL20153,Eemb Co,Lithium Cobalt Oide,ambigious  LCO,Pouch,LP9051109PCMNTCLD,Active,Prismatic,500,80,,,5.5,4.2,3.7,2.7,1.1,11,0.5,110,50.031,5.5,1.1,0.5,,109,9,51,,2018,,,,,CCCV,,
SDL20153b,SDL20153,Eemb Co,Lithium Cobalt Oide,ambigious  LCO,Pouch,LP9051109PCMNTCLD,Active,Prismatic,800,80,,,5.5,4.2,3.7,2.7,1.1,11,0.2,110,50.031,5.5,1.1,0.2,,109,9,51,,2018,,,,,CCCV,,
SDL20180a,SDL20180,Eemb Co,Lithium Cobalt Oide,ambigious  LCO,Pouch,LP925572,Active,Prismatic,500,80,,,4,4.2,3.7,2.7,0.8,8,0.5,72,36.432,4,0.8,0.5,,72,9.2,55,,2017,,,14.07.2017,,CCCV,,
SDL20180b,SDL20180,Eemb Co,Lithium Cobalt Oide,ambigious  LCO,Pouch,LP925572,Active,Prismatic,800,80,,,4,4.2,3.7,2.7,0.8,8,0.2,72,36.432,4,0.8,0.2,,72,9.2,55,,2017,,,14.07.2017,,CCCV,,
SDL20209a,SDL20209,Eemb Co,Lithium Cobalt Oide,ambigious  LCO,Pouch,LP956167PCMLD,Active,Prismatic,500,80,,,4,4.2,3.7,2.7,0.8,8,0.5,80,38.8265,4,0.8,0.5,,67,9.5,61,,2015,,,23.09.2015,,CCCV,,
SDL20209b,SDL20209,Eemb Co,Lithium Cobalt Oide,ambigious  LCO,Pouch,LP956167PCMLD,Active,Prismatic,800,80,,,4,4.2,3.7,2.7,0.8,8,0.2,80,38.8265,4,0.8,0.2,,67,9.5,61,,2015,,,23.09.2015,,CCCV,,
SDL20211a,SDL20211,Eemb Co,Lithium Cobalt Oide,ambigious  LCO,Pouch,LP656194PCMLD,Active,Prismatic,500,80,,,4,4.2,3.7,2.7,0.8,8,0.5,80,37.271,4,0.8,0.5,,94,6.5,61,,2015,,,21.01.2015,,CCCV,,
SDL20211b,SDL20211,Eemb Co,Lithium Cobalt Oide,ambigious  LCO,Pouch,LP656194PCMLD,Active,Prismatic,800,80,,,4,4.2,3.7,2.7,0.8,8,0.2,80,37.271,4,0.8,0.2,,94,6.5,61,,2015,,,21.01.2015,,CCCV,,
SDL20223a,SDL20223,Eemb Co,Lithium Cobalt Oide,ambigious  LCO,Pouch,LP857062PCMNTCLD ,Active,Prismatic,500,80,,,3.8,4.2,3.7,2.7,0.76,7.6,0.5,71.5,36.89,3.8,0.76,0.5,,70,8.5,62,,2015,,,04.03.2015,,CCCV,,
SDL20223b,SDL20223,Eemb Co,Lithium Cobalt Oide,ambigious  LCO,Pouch,LP857062PCMNTCLD ,Active,Prismatic,800,80,,,3.8,4.2,3.7,2.7,0.76,7.6,0.2,71.5,36.89,3.8,0.76,0.2,,70,8.5,62,,2015,,,04.03.2015,,CCCV,,
SDL20224a,SDL20224,Eemb Co,Lithium Cobalt Oide,ambigious  LCO,Pouch,LP50100100,Active,Prismatic,500,80,,,4.8,4.2,3.7,2.7,0.96,9.6,0.5,96,50,4.8,0.96,0.5,,100,5,100,,2018,,,02.11.2018,,CCCV,,
SDL20224b,SDL20224,Eemb Co,Lithium Cobalt Oide,ambigious  LCO,Pouch,LP50100100,Active,Prismatic,800,80,,,4.8,4.2,3.7,2.7,0.96,9.6,0.2,96,50,4.8,0.96,0.2,,100,5,100,,2018,,,02.11.2018,,CCCV,,
SDL20226,SDL20226,Eemb Co,Lithium Cobalt Oide,ambigious  LCO,Pouch,LP61100100,Active,Prismatic,500,80,,,6.8,4.2,3.7,2.7,1.36,13.6,0.5,124,61,6.4,1.36,0.5,,100,6.1,100,,,,,,,CCCV,,
SDL20228a,SDL20228,Eemb Co,Lithium Cobalt Oide,ambigious  LCO,Pouch,LP38103122,Active,Prismatic,500,80,,,5.2,4.2,3.7,2.7,1.04,10.4,0.5,104,47.7508,5.2,1.04,0.5,,122,3.8,103,,2014,,,05.11.2014,,CCCV,,
SDL20228b,SDL20228,Eemb Co,Lithium Cobalt Oide,ambigious  LCO,Pouch,LP38103122,Active,Prismatic,800,80,,,5.2,4.2,3.7,2.7,1.04,10.4,0.2,104,47.7508,5.2,1.04,0.2,,122,3.8,103,,2014,,,05.11.2014,,CCCV,,
SDL20231,SDL20231,Eemb Co,Lithium Cobalt Oide,ambigious  LCO,Pouch,LP55103122,Active,Prismatic,500,80,,,6.6,4.2,3.7,2.7,1.32,13.2,0.5,134,69.113,3.3,1.32,0.5,,122,5.5,103,,,,,,,CCCV,,
SDL20232,SDL20232,Eemb Co,Lithium Cobalt Oide,ambigious  LCO,Pouch,LP70103122,Active,Prismatic,500,80,,,8.7,4.2,3.7,2.7,1.74,17.4,0.5,173,87.962,4.1,1.74,0.5,,122,7,103,,,,,,,CCCV,,
SDL20371a,SDL20371,Eemb Co,Lithium Cobalt Oide,ambigious  LCO,Pouch,LP6848166,Active,Prismatic,500,80,,,5.2,4.2,3.7,2.7,1.04,10.4,0.5,115,54.1824,5.2,1.04,0.5,,166,6.8,48,,2017,,,28.07.2017,,CCCV,,
SDL20371b,SDL20371,Eemb Co,Lithium Cobalt Oide,ambigious  LCO,Pouch,LP6848166,Active,Prismatic,800,80,,,5.2,4.2,3.7,2.7,1.04,10.4,0.2,115,54.1824,5.2,1.04,0.2,,166,6.8,48,,2017,,,28.07.2017,,CCCV,,
SDL20382,SDL20382,Eemb Co,Lithium Cobalt Oide,ambigious  LCO,Pouch,LP8867220,Active,Prismatic,800,80,,,10,4.2,3.7,2.7,2,20,1,200,129.712,10,2,1,,220,8.8,67,,2015,,,03.02.2015,,CCCV,,
SDL20391,SDL20391,ENA,,,Pouch,ENLLM20,Active,Prismatic,400,80,,,20,4.2,3.8,3,4,20,1,550,380.25,20,4,1,,325,7.5,156,,2007,,,PRL0203 ,,CCCV,,
SDL20392,SDL20392,ENA,,,Pouch,ENWLM08,Active,Prismatic,400,80,,,8,4.2,3.8,3,1.66,8,1,220,141.68,8,1.66,1,,161,5.5,160,,2008,,,PRW0201 ,,CCCV,,
SDL20393,SDL20393,ENA,,,Pouch,ENSE36,Active,Prismatic,400,80,,,3.6,4.2,3.7,3,0.72,3.6,1,105,75.68,3.6,0.78,1,,160,5.5,86,,2009,,,PRS0301 ,,CCCV,,
SDL21234,SDL21234,Neosonic LiPolymer Energy,Nickel rich,NMC. NCA. NMC/NCA,Pouch,KMBNK08035130S,Active,Prismatic,1000,80,,,4.9,4.2,3.7,3,0.98,4.9,0.2,90,40.04,4.9,0.98,0.5,,130,8.8,35,,,,,,,CCCV,,80%
SDL21235,SDL21235,Neosonic LiPolymer Energy,Nickel rich,NMC. NCA. NMC/NCA,Pouch,KMBNS08035130S,Active,Prismatic,1000,80,,,4.5,4.2,3.7,3,0.9,4.5,0.5,90,40.04,4.5,0.9,0.5,,130,8.8,35,,,,,,,CCCV,,80%
SDL21236,SDL21236,Neosonic LiPolymer Energy,Nickel rich,NMC. NCA. NMC/NCA,Pouch,KMBNK06035195S,Active,Prismatic,1000,80,,,5,4.2,3.7,3,1,5,0.2,100,40.95,5,1,0.5,,195,6,35,,,,,,,CCCV,,80%
SDL21237,SDL21237,Neosonic LiPolymer Energy,Nickel rich,NMC. NCA. NMC/NCA,Pouch,KMBNS06035195S,Active,Prismatic,1000,80,,,4.6,4.2,3.7,3,0.92,4.6,0.5,100,40.95,4.6,0.92,0.5,,195,6,35,,,,,,,CCCV,,80%
SDL21238,SDL21238,Neosonic LiPolymer Energy,Nickel rich,NMC. NCA. NMC/NCA,Pouch,KMBNK06065108S,Active,Prismatic,500,80,,,5.1,4.2,3.7,3,1.02,5.1,0.5,95,42.12,5.1,1.02,0.5,,108,6,65,,,,,,,CCCV,,80%
SDL21239,SDL21239,Neosonic LiPolymer Energy,Nickel rich,NMC. NCA. NMC/NCA,Pouch,KMBNS06065108S,Active,Prismatic,500,80,,,4.7,4.2,3.7,3,0.94,4.7,0.5,95,42.12,4.7,0.94,0.5,,108,6,65,,,,,,,CCCV,,80%
SDL21240,SDL21240,Neosonic LiPolymer Energy,Nickel rich,NMC. NCA. NMC/NCA,Pouch,KMBNK45065144S,Active,Prismatic,1000,80,,,5,4.2,3.7,3,1,5,0.5,125,42.12,5,1,0.5,,144,4.5,65,,,,,,,CCCV,,80%
SDL21241,SDL21241,Neosonic LiPolymer Energy,Nickel rich,NMC. NCA. NMC/NCA,Pouch,KMBNS45065144S,Active,Prismatic,500,80,,,4.6,4.2,3.7,3,0.92,4.6,0.5,125,42.12,4.6,0.92,0.5,,144,4.5,65,,,,,,,CCCV,,80%
SDL21778,SDL21778,LECLANCHÉ,Nickel rich,NMC,Pouch,904823,Active,Prismatic,500,80,273,125,22,4.2,3.7,3,4.4,66,,650,297.3894,22,4.4,,,157,12.3,154,,,,,Datenblatt_904823_v01_eng.doc,,CCCV,,
SDL22152,SDL22152,GS Yuasa Technology,Nickel rich,NMC,Prismatic,LVP65,Active,Prismatic,500,80,232,101,75,4.2,3.7,3,15,325,,2750,1174.8,75,15,,,178,50,132,,,,,,,CCCV,,
SDL22176a,SDL22176,EAS Batteries,Nickel rich,NCA,Cylindrical,HE602030 NCA 55AH,Active,Cyl,1000,80,,,55,4.2,3.6,3,27.5,110,0.5,1500,573.678,110,11,0.5,,,203,,60,2016,,,Rev. 1.1/1.2,,CCCV,,100%
SDL22176b,SDL22176,EAS Batteries,Nickel rich,NCA,Cylindrical,HE602030 NCA 55AH,Active,Cyl,2000,60,,,55,4.2,3.6,3,27.5,110,0.5,1500,573.678,110,11,0.5,,,203,,60,2016,,,Rev. 1..1/1.2,,CCCV,,80%
SDL22254,SDL22254,Saft,Lithium Iron Phosphate,LFP,Cylindrical,VL 45E FE,Active,Cyl,2500,75,,,44,3.65,3.3,2.5,6.285714286,50,1.2,900,476.1245,25,6.285714286,0.15,,,208,,54,2010,,,,,CCCV,,
SDL22408,SDL22408,Saft,Nickel rich,NMC. NCA. NMC/NCA,Cylindrical,VL 5U,Active,Cyl,500,80,,,5,4.1,3.65,2,1,2,1,350,158.8055,5,1,1,,,175,,34,2009,,,102.009,,CCCV,,
SDL22470a,SDL22470,EAS Batteries,Nickel rich,NCA,Cylindrical,UHP341440 NCA,Active,Cyl,1000,80,,,7.5,4.2,3.6,3,1.5,75,0.2,320,130.6742,75,3.8,0.2,,,144,,34,2008,,,12.12.2008,,CCCV,,100%
SDL22470b,SDL22470,EAS Batteries,Nickel rich,NCA,Cylindrical,UHP341440 NCA,Active,Cyl,2000,60,,,7.5,4.2,3.6,3,1.5,75,0.2,320,130.6742,75,3.8,0.2,,,144,,34,2008,,,12.12.2008,,CCCV,,80%
SDL23011,SDL23011,Battroni,,,Pouch,LCB8570170EC1,Active,Prismatic,500,70,460,215,12.6,4.2,3.7,3,2.52,25.2,0.5,217,101.15,12.6,2.52,0.5,,170,8.5,70,,2009,,,12.09.2009,,CCCV,,70%
SDL23066a,SDL23066,ThunderSky,Lithium Iron Phosphate,LFP,Prismatic,WBLYP40AHA,Active,Prismatic,5000,80,,,40,3.65,3.3,2.5,12,120,0.5,1500,976.488,120,20,0.5,,183,46,116,,,,,,,CCCV,,80%
SDL23066b,SDL23066,ThunderSky,Lithium Iron Phosphate,LFP,Prismatic,WBLYP40AHA,Active,Prismatic,7000,80,,,40,3.65,3.3,2.5,12,120,0.5,1500,976.488,120,20,0.5,,183,46,116,,,,,,,CCCV,,70%
SDL23067a,SDL23067,ThunderSky,Lithium Iron Phosphate,LFP,Prismatic,WBLYP60AHA,Active,Prismatic,5000,80,,,60,3.65,3.3,2.5,30,180,0.5,2100,1424.045,180,30,0.5,,203,61,115,,,,,,,CCCV,,80%
SDL23067b,SDL23067,ThunderSky,Lithium Iron Phosphate,LFP,Prismatic,WBLYP60AHA,Active,Prismatic,7000,80,,,60,3.65,3.3,2.5,30,180,0.5,2100,1424.045,180,30,0.5,,203,61,115,,,,,,,CCCV,,70%
SDL23068a,SDL23068,ThunderSky,Lithium Iron Phosphate,LFP,Prismatic,WBLYP90AHA,Active,Prismatic,5000,80,,,90,3.65,3.3,2.5,45,270,0.5,2900,1901.614,270,45,0.5,,218,61,143,,,,,,,CCCV,,80%
SDL23068b,SDL23068,ThunderSky,Lithium Iron Phosphate,LFP,Prismatic,WBLYP90AHA,Active,Prismatic,7000,80,,,90,3.65,3.3,2.5,45,270,0.5,2900,1901.614,270,45,0.5,,218,61,143,,,,,,,CCCV,,70%
SDL23069a,SDL23069,ThunderSky,Lithium Iron Phosphate,LFP,Prismatic,WBLYP100AHA,Active,Prismatic,5000,80,,,100,3.65,3.3,2.5,50,300,0.5,3500,1945.9,300,50,0.5,,220,61,145,,,,,,,CCCV,,80%
SDL23069b,SDL23069,ThunderSky,Lithium Iron Phosphate,LFP,Prismatic,WBLYP100AHA,Active,Prismatic,7000,80,,,100,3.65,3.3,2.5,50,300,0.5,3500,1945.9,300,50,0.5,,220,61,145,,,,,,,CCCV,,70%
SDL23070a,SDL23070,ThunderSky,Lithium Iron Phosphate,LFP,Prismatic,WBLYP160AHA,Active,Prismatic,5000,80,,,160,3.65,3.3,2.5,80,480,0.5,5600,3803.8,480,80,0.5,,280,65,209,,,,,,,CCCV,,80%
SDL23070b,SDL23070,ThunderSky,Lithium Iron Phosphate,LFP,Prismatic,WBLYP160AHA,Active,Prismatic,7000,80,,,160,3.65,3.3,2.5,80,480,0.5,5600,3803.8,480,80,0.5,,280,65,209,,,,,,,CCCV,,70%
SDL23071a,SDL23071,ThunderSky,Lithium Iron Phosphate,LFP,Prismatic,WBLYP200AHA,Active,Prismatic,5000,80,,,200,3.65,3.3,2.5,100,600,0.5,7900,5001.1332,600,100,0.5,,362,55.55,248.7,,,,,,,CCCV,,80%
SDL23071b,SDL23071,ThunderSky,Lithium Iron Phosphate,LFP,Prismatic,WBLYP200AHA,Active,Prismatic,7000,80,,,200,3.65,3.3,2.5,100,600,0.5,7900,5001.1332,600,100,0.5,,362,55.55,248.7,,,,,,,CCCV,,70%
SDL23072a,SDL23072,ThunderSky,Lithium Iron Phosphate,LFP,Prismatic,WBLYP260AHA,Active,Prismatic,5000,80,,,260,3.65,3.3,2.5,130,780,0.5,8700,5525.025,780,130,0.5,,362,55.5,275,,,,,,,CCCV,,80%
SDL23072b,SDL23072,ThunderSky,Lithium Iron Phosphate,LFP,Prismatic,WBLYP260AHA,Active,Prismatic,7000,80,,,260,3.65,3.3,2.5,130,780,0.5,8700,5525.025,780,130,0.5,,362,55.5,275,,,,,,,CCCV,,70%
SDL23073a,SDL23073,ThunderSky,Lithium Iron Phosphate,LFP,Prismatic,WBLYP300AHA,Active,Prismatic,5000,80,,,300,3.65,3.3,2.5,150,900,0.5,9500,6147.846,900,150,0.5,,362,55.5,306,,,,,,,CCCV,,80%
SDL23073b,SDL23073,ThunderSky,Lithium Iron Phosphate,LFP,Prismatic,WBLYP300AHA,Active,Prismatic,7000,80,,,300,3.65,3.3,2.5,150,900,0.5,9500,6147.846,900,150,0.5,,362,55.5,306,,,,,,,CCCV,,70%
SDL23074a,SDL23074,ThunderSky,Lithium Iron Phosphate,LFP,Prismatic,WBLYP400AHA,Active,Prismatic,5000,80,,,400,3.65,3.3,2.5,200,1200,0.5,13100,8540.025,1200,200,0.5,,461,65,285,,,,,,,CCCV,,80%
SDL23074b,SDL23074,ThunderSky,Lithium Iron Phosphate,LFP,Prismatic,WBLYP400AHA,Active,Prismatic,7000,80,,,400,3.65,3.3,2.5,200,1200,0.5,13100,8540.025,1200,200,0.5,,461,65,285,,,,,,,CCCV,,70%
SDL23075a,SDL23075,ThunderSky,Lithium Iron Phosphate,LFP,Prismatic,WBLYP700AHA,Active,Prismatic,5000,80,,,700,3.65,3.3,2.5,350,2100,0.5,21000,12854.754,2100,350,0.5,,627,67,306,,,,,,,CCCV,,80%
SDL23075b,SDL23075,ThunderSky,Lithium Iron Phosphate,LFP,Prismatic,WBLYP700AHA,Active,Prismatic,7000,80,,,700,3.65,3.3,2.5,350,2100,0.5,21000,12854.754,2100,350,0.5,,627,67,306,,,,,,,CCCV,,70%
SDL23076a,SDL23076,ThunderSky,Lithium Iron Phosphate,LFP,Prismatic,WBLYP1000AHA,Active,Prismatic,5000,80,,,1000,3.65,3.3,2.5,500,3000,0.5,35000,22631.25,3000,500,0.5,,850,71,375,,,,,,,CCCV,,80%
SDL23076b,SDL23076,ThunderSky,Lithium Iron Phosphate,LFP,Prismatic,WBLYP1000AHA,Active,Prismatic,7000,80,,,1000,3.65,3.3,2.5,500,3000,0.5,35000,22631.25,3000,500,0.5,,850,71,375,,,,,,,CCCV,,70%
SDL23077a,SDL23077,ThunderSky,Lithium Iron Phosphate,LFP,Prismatic,WBLYP1000AHC,Active,Prismatic,5000,80,,,1000,3.65,3.2,2.5,500,3000,0.5,41000,25916.8,3000,500,0.5,,560,130,356,,,,,,,CCCV,,80%
SDL23077b,SDL23077,ThunderSky,Lithium Iron Phosphate,LFP,Prismatic,WBLYP1000AHC,Active,Prismatic,7000,80,,,1000,3.65,3.2,2.5,500,3000,0.5,41000,25916.8,3000,500,0.5,,560,130,356,,,,,,,CCCV,,70%
SDL23220,SDL23220,Optimum Battery Co Ltd,Lithium Iron Phosphate,LFP,Cylindrical,OPT32650F,Active,Cyl,2000,80,,,5,3.65,3.2,2.5,5,10,1,145,54.3698,5,1,1,,,70,,32.2,,,,,,CCCV,,
SDL23256,SDL23256,Chengdu Jianzhong Lithium Battery Company Ltd,Lithium Cobalt Oide,LCO,Cylindrical,ICR26650,Active,Cyl,300,80,,,4,4.2,3.7,3,0.64,4,,90,34.4929,4,0.8,,,,65,,26,2015,,,17.07.2015,,CCCV,,
SDL23257,SDL23257,Kokam,Nickel rich,NMC,Pouch,SLPB11543140H5,Active,Prismatic,800,80,,140,5,4.2,3.7,2.7,2.5,150,1,128,72.5254,10.4,2,1,,142.5,11.7,43.5,,2017,,,,Paper,CCCV,,
SDL23465,SDL23465,Auto Energy Technology Co,Lithium Titanate,LTO,Cylindrical,YT185185185,Active,Cyl,2000,80,,,40,2.7,2.4,1.5,65,120,,1650,902.3575,120,8,,,,380,,55,2013,,,,,CCCV,,
SDL23541,SDL23541,EnerDel. INC,,,Pouch,HEV CELL,Active,Prismatic,1000,80,,,16,4.1,3.6,2.5,3.5,80,,446,293.2776,80,3.5,,,253,6.3,184,,2012,,,24.05.2012,,CCCV,,
SDL23543a,SDL23543,Headway Group,Lithium Iron Phosphate,LFP,Cylindrical,HW38120S/L,Active,Cyl,2000,80,,,10,3.65,3.2,2,10,30,1,330,138.2919,20,10,1,,,122,,38,,,,,,CCCV,,
SDL23543b,SDL23543,Headway Group,Lithium Iron Phosphate,LFP,Cylindrical,HW38120S/L,Active,Cyl,1500,80,,,10,3.65,3.2,2,10,30,3,330,138.2919,20,10,1,,,122,,38,,,,,,CCCV,,
SDL23544a,SDL23544,Headway Group,Lithium Iron Phosphate,LFP,Cylindrical,HW38140S,Active,Cyl,2000,80,,,12,3.65,3.2,2,12,36,1,395,160.9627,24,12,1,,,142,,38,,,,,,CCCV,,
SDL23544b,SDL23544,Headway Group,Lithium Iron Phosphate,LFP,Cylindrical,HW38140S,Active,Cyl,1500,80,,,12,3.65,3.2,2,12,36,3,395,160.9627,24,12,1,,,142,,38,,,,,,CCCV,,
SDL23547a,SDL23547,Headway Group,Lithium Iron Phosphate,LFP,Cylindrical,HW40152S,Active,Cyl,2000,80,,,15,3.65,3.2,2,15,45,1,475,207.24,30,7.5,1,,,165,,40,,,,,,CCCV,,
SDL23547b,SDL23547,Headway Group,Lithium Iron Phosphate,LFP,Cylindrical,HW40152S,Active,Cyl,1500,80,,,15,3.65,3.2,2,15,45,3,475,207.24,30,7.5,1,,,165,,40,,,,,,CCCV,,
SDL2494,SDL2494,Saft,Nickel rich,NMC. NCA. NMC/NCA,Cylindrical,VES100,Active,Cyl,500,80,,118,28,4.1,3.6,2.75,2.8,84,,810,423.4761,28,2.8,,,,185,,54,2006,,,,,CCCV,,
SDL2495,SDL2495,Saft,Nickel rich,NMC. NCA. NMC/NCA,Cylindrical,VES140,Active,Cyl,500,80,,126,39,4.1,3.6,2.75,3.9,117,,1130,572.265,39,3.9,,,,250,,54,2006,,,,,CCCV,,
SDL2496,SDL2496,Saft,Nickel rich,NMC. NCA. NMC/NCA,Cylindrical,VES180,Active,Cyl,500,80,,165,50,4.1,3.6,2.75,5,150,,1110,551.2663,50,5,,,,250,,53,2006,,,,,CCCV,,
SDL2500,SDL2500,Saft,Nickel rich,NMC. NCA. NMC/NCA,Prismatic,MP174865,Active,Prismatic,500,70,380,163,5.3,4.2,3.75,2.5,1.1,11,,124,52,5,0.58,,,65,19,48,,2007,,,112.007,,CCCV,,
SDL2502,SDL2502,Saft,Nickel rich,NMC. NCA. NMC/NCA,Prismatic,MP176065,Active,Prismatic,500,70,350,165,6.8,4.2,3.75,2.5,1.4,13.6,,155,73,6.8,0.58,,,65,19.8,61,,2005,,,32.005,,CCCV,,
SDL2503,SDL2503,Saft,Nickel rich,NMC. NCA. NMC/NCA,Cylindrical,VL 45E,Active,Cyl,500,80,313,149,45,4.1,3.6,2.7,4.5,100,,1070,510,45,4.5,,,,222,,54.3,2005,,,32.005,,CCCV,,
SDL2504,SDL2504,Saft,Nickel rich,NMC. NCA. NMC/NCA,Cylindrical,VL 41M,Active,Cyl,500,80,285,136,41,4.1,3.6,2.7,4.5,150,0.33,1070,513.8334,41,4.5,0.33,,,222,,54.3,2005,,,32.005,,CCCV,,80%
SDL2505,SDL2505,Saft,Nickel rich,NMC. NCA. NMC/NCA,Cylindrical,VL 27M,Active,Cyl,500,80,252,124,27,4.1,3.6,2.7,2.7,110,0.33,770,377.274,27,2.7,0.33,,,163,,54.3,2005,,,32.005,,CCCV,,80%
SDL2506,SDL2506,Saft,Nickel rich,NMC. NCA. NMC/NCA,Cylindrical,VL 7P,Active,Cyl,500,80,131,67,7,4.1,3.6,2.7,0.7,100,,370,191.3398,7,0.7,,,,145,,41,2005,,,32.005,,CCCV,,
SDL2507,SDL2507,Saft,Nickel rich,NMC. NCA. NMC/NCA,Cylindrical,VL 20P,Active,Cyl,500,80,187,89,20,4.1,3.6,2.7,2,250,,800,373.1168,20,2,,,,163,,54,2005,,,32.005,,CCCV,,
SDL2508,SDL2508,Saft,Nickel rich,NMC. NCA. NMC/NCA,Cylindrical,VL 30P,Active,Cyl,500,80,209,97,30,4.1,3.6,2.7,3,300,,1100,508.1713,30,3,,,,222,,54,2005,,,32.005,,CCCV,,
SDL2524,SDL2524,Quallion LLC,Nickel rich,LNCAO,Prismatic,QL015KA,Active,Prismatic,3000,80,296,142,15,4.2,3.6,2.7,15,15,,380,180.4631,15,1.5,,,88.3,37.5,54.5,,,,,,,CCCV,,
SDL25474,SDL25474,Guangzhou FULLRIVER Battery New Technology Co,Lithium Iron Phosphate,LFP,Cylindrical,32700Fe5400,Active,Cyl,1000,80,,,5.4,3.7,3.2,2,1.08,5.4,,143,58.9668,5.4,1.08,,,,72,,32.3,2012,,,62.012,,CCCV,,
SDL25565,SDL25565,LG Chem,Nickel rich,NMC,Cylindrical,INR18650MJ1,Active,Cyl,400,80,,,3.5,4.2,3.63,2.5,0.68,10,1,49,17.275,3.4,1.7,0.5,,,65,,18.4,2014,,,22.08.2014,,CCCV,0.01,100%
SDL25566,SDL25566,Saft,Nickel rich,NMC. NCA. NMC/NCA,Prismatic,MP174565td,Active,Prismatic,1500,80,246,150,4,4.2,3.65,2.7,0.8,8,0.5,97,56.5779,4,2,0.5,,68.5,18.65,45.3,,2019,,,82.019,,CCCV,,
SDL25567,SDL25567,Saft,Nickel rich,NMC. NCA. NMC/NCA,Prismatic,MP176065td,Active,Prismatic,1500,80,264,150,5.6,4.1,3.65,2.5,1.18,11,0.5,136,77.3081,5.6,1.18,0.5,,68.7,18.6,60.5,,2019,,,42.018,,CCCV,,
SDL25591a,SDL25591,EAS Batteries,Nickel rich,NCA,Cylindrical,HE341440 NCA,Active,Cyl,1000,80,,,10,4.2,3.6,3,1.5,50,0.2,320,130.6742,20,5,0.2,,,144,,34,2011,,,Doc HE 341440 NCA  201113,,CCCV,,
SDL25591b,SDL25591,EAS Batteries,Nickel rich,NCA,Cylindrical,HE341440 NCA,Active,Cyl,2000,60,,,10,4.2,3.6,3,1.5,50,0.2,320,130.6742,20,5,0.2,,,144,,34,2011,,,Doc HE 341440 NCA  201113,,CCCV,,
SDL25608,SDL25608,LG Chem,Nickel rich,NMC,Cylindrical,INR20650 M42,Active,Cyl,400,80,,,4.15,4.2,3.63,2.5,0.804,12,1,58,21.6082,4.02,2.01,0.5,,,65.5,,20.5,2015,,,07.12.2015,,CCCV,0.01,100
SDL25621,SDL25621,Zenlabs / Envia,Nickel rich,NMC,Pouch,ENV35011CRC,Active,Prismatic,450,80,840,350,10.6,4.47,3.65,2.5,2.12,,,111,46.4,,2.12,,,145,5,64,,2015,,,,,CCCV,,
SDL25622,SDL25622,Zenlabs / Envia,Nickel rich,NMC,Pouch,ENV23426P,Active,Prismatic,1000,80,438,234,26.5,4.35,3.69,2.3,8.833333333,26.5,,407,222.75,26.5,8.833333333,,,225,6,165,,2015,,,,,CCCV,,
SDL26864,SDL26864,Lishen,Nickel rich,NCA,Cylindrical,LR2170SC,Active,Cyl,1000,70,,,5,4.2,3.6,2.75,1,10,,70,26.2081,1.5,1,,,,70.9,,21.7,2017,,,26.07.2017,,CCCV,0.02,100%
SDL26865,SDL26865,Lishen,Nickel rich,NCA,Cylindrical,LR2170SF,Active,Cyl,1000,80,618,230,4.5,4.2,3.6,2.5,4.5,13.5,,70,26.7687,5.4,2.25,,,,71.1,,21.9,2019,,,2021,,CCCV,0.02,100%
SDL26872,SDL26872,Amprius / Wui Lead,Lithium Cobalt Oide,LCO  Silicon Nanowire,Pouch,ANW3.6455055,Active,Prismatic,150,80,,,3.6,4.35,3.6,2.75,0.51,1.8,0.2,33,12.375,1.8,0.51,0.2,,55,4.5,50,,2018,,,2018,,CCCV,,
SDL26901,SDL26901,Amprius / Wui Lead,Nickel rich,NMC. NCA. NMC/NCA,Pouch,E485795CH,Active,Prismatic,500,80,,,5,4.4,3.85,3,0.98,5,0.5,65,27.1889,2.45,1,0.5,,96.5,4.9,57.5,,2016,,,AMP/JSSPECA0705,,CCCV,,
SDL26910,SDL26910,Hangzhou Future Power Technology Co,,,Pouch,FT655894P,Active,Prismatic,500,80,,,5.15,4.35,3.8,3,1,2.5,,105,37.8232,2.5,1,,,96.5,6.7,58.5,,,,,Customer Code F0635,,CCCV,,
SDL26913,SDL26913,BMZ / Sony,Nickel rich,NCA,Cylindrical,BMZ 21700 40PS1,Active,Cyl,1000,80,,,4,4.2,3.6,2.5,0.8,35,1,70,24.8494,6,2,1,,,70.3,,21.22,,,,2017,,CCCV,,
SDL26914,SDL26914,BMZ / Sony,Nickel rich,NCA,Cylindrical,BMZ 21700 42 PM,Active,Cyl,250,85,,,4.16,4.2,3.6,2,0.832,35,1,72,24.9759,6,2,1,,,69.8,,21.35,,,,,,CCCV,,
SDL26916,SDL26916,BMZ / Sony,Nickel rich,NCA,Cylindrical,BMZ 21700 52EM,Active,Cyl,350,70,,267.4,5.2,4.2,3.6,2.5,1.05,8,1,70,24.9759,4,1.05,1,,,69.8,,21.35,2017,,,,,CCCV,,
SDL26917,SDL26917,BMZ / Sony,Nickel rich,NCA,Cylindrical,BMZ 21700 52E,Active,Cyl,350,70,,,5.2,4.2,3.6,2.5,1.05,8,1,70,24.9759,4,1.05,1,,,69.8,,21.35,2017,,,,,CCCV,,
SDL26918,SDL26918,Murata,Nickel rich,NCA,Cylindrical,US21700VTC6A,Active,Cyl,500,80,578,,4,4.2,3.6,2,0.8,40,2.5,72.7,25.5189,9,3,1,,,70,,21.55,2021,,,,,CCCV,0.02,
SDL26925,SDL26925,Dongguan KTech New Energy,,NMC. NCA. NMC/NCA,Cylindrical,INR21700P4000mAh,Active,Cyl,500,80,,,4,4.2,3.7,2.75,0.8,12,0.5,68,26.1517,4,0.8,0.5,,,70.1,,21.8,2018,,,12.01.2018,,CCCV,0.02,100%
SDL26944,SDL26944,Yinglong,Lithium Titanate,LTO,Cylindrical,LTO66160H/40Ah,Active,Cyl,16000,80,,,40,2.7,2.3,1.5,40,240,1,1250,547.1136,400,40,1,,,160,,66,2016,,,12.12.2016,,CCCV,,100%
SDL26945,SDL26945,Yinglong,Lithium Titanate,LTO,Cylindrical,35Ah,Active,Cyl,16000,80,,,36.2,2.7,2.3,1.5,35,210,1,1220,547.1136,210,80,1,,,160,,66,2016,,,,,CCCV,,100%
TUM001a,TUM001,Samsung,Nickel rich,NMC,Prismatic,SDI 94Ah ,Active,Prismatic,1500,80,355,165,94,4.15,3.68,2.7,31.33333333,150,1,2100,973,72,31.33333333,1,,173,45,125,,2015,(),,31.12.2015,0.5C/1C 5200 @70%  1C/1C: 1.500 / 2.500,CCCV,0.02,
TUM001b,TUM001,Samsung,Nickel rich,NMC,Prismatic,SDI 94Ah ,Active,Prismatic,2500,70,355,165,94,4.15,3.68,2.7,31.33333333,150,1,2100,973,72,31.33333333,1,,173,45,125,,2015,(),,31.12.2015,0.5C/1C 5200 @70%  1C/1C: 1.500 / 2.500,CCCV,0.02,
TUM001c,TUM001,Samsung,Nickel rich,NMC,Prismatic,SDI 94Ah ,Active,Prismatic,3200,80,355,165,94,4.15,3.68,2.7,31.33333333,150,1,2100,973,72,31.33333333,0.5,,173,45,125,,2015,(),,31.12.2015,0.5C/1C 5200 @70%  1C/1C: 1.500 / 2.500,CCCV,0.02,
TUM001d,TUM001,Samsung,Nickel rich,NMC,Prismatic,SDI 94Ah ,Active,Prismatic,5200,70,355,165,94,4.15,3.68,2.7,31.33333333,150,1,2100,973,72,31.33333333,0.5,,173,45,125,,2015,(),,31.12.2015,0.5C/1C 5200 @70%  1C/1C: 1.500 / 2.500,CCCV,0.02,
TUM02,TUM02,Kokam,Nickel rich,NMC,Pouch,SLPB065070180,Active,Prismatic,3000,70,571,246,11.6,4.2,3.67,2.7,1.16,23.2,1,175,,11.6,1.16,1,,185,6.6,84,,2020,,,KKDS20200406BMCEL02 ,,CCCV,,
TUM03,TUM03,Kokam,Nickel rich,NMC,Pouch,SLPB120216216,Active,Prismatic,6000,70,418,182,53,4.2,3.7,2.7,10.6,265,1,1095,,106,10.6,1,,227,12,226,,2020,,,,,CCCV,,
TUM04,TUM04,Samsung,Nickel rich,NCA,Cylindrical,INR2170050E,Active,Cyl,500,80,568.8,255.7,4.9,4.2,3.6,2.5,,9.8,1,69,28,4.9,2.45,0.5,,,70.8,,21.25,2017,,,19.12.2017,,CCCV,,
TUM05,TUM05,LG Chem,Nickel rich,NMC,Pouch,ID.3,Active,Prismatic,2000,80,685,273,80.45,4.2,3.7,2.5,,,1,1.101,0.438,125,,1,,515,8.7,98,,2020,,,Wassiliadis et al. 2022,,CCCV,,
